=== 04:13:30 launching stage-e-v3-vanilla-1k ===
[setup] device=cuda
[data]  enwiki8  vocab=205, train=90,000,000 tokens, val=5,000,000, test=5,000,000
[model] vanilla, params=11,093,760 (excl emb=10,621,824)
[run]   logging to /home/ubuntu/mini-deepseek-v4/runs/stage-e-v3-vanilla-1k
[opt]   amp=bf16, grad_accum_steps=4, effective_batch=32
[eval]  step     0  train 5.3566 (ppl 212.00)  val 5.3590 (ppl 212.52)  best 5.3590@0 (0/20)
[train] step    50  loss 4.0276  lr 1.53e-05  grad 2.16  tok/s 234,473
[eval]  step   100  train 3.5067 (ppl 33.34)  val 3.4657 (ppl 32.00)  best 3.4657@100 (0/20)
[train] step   100  loss 3.4825  lr 3.03e-05  grad 1.95  tok/s 256,055
[train] step   150  loss 3.0881  lr 4.53e-05  grad 1.44  tok/s 279,545
[eval]  step   200  train 2.8503 (ppl 17.29)  val 2.8337 (ppl 17.01)  best 2.8337@200 (0/20)
[train] step   200  loss 2.8919  lr 6.03e-05  grad 1.61  tok/s 257,689
[train] step   250  loss 2.7860  lr 7.53e-05  grad 1.63  tok/s 278,138
[eval]  step   300  train 2.6651 (ppl 14.37)  val 2.6709 (ppl 14.45)  best 2.6709@300 (0/20)
[train] step   300  loss 2.6696  lr 9.03e-05  grad 1.46  tok/s 256,861
[train] step   350  loss 2.5857  lr 1.05e-04  grad 0.82  tok/s 277,928
[eval]  step   400  train 2.5808 (ppl 13.21)  val 2.5740 (ppl 13.12)  best 2.5740@400 (0/20)
[train] step   400  loss 2.5684  lr 1.20e-04  grad 0.95  tok/s 256,819
[train] step   450  loss 2.5953  lr 1.35e-04  grad 2.46  tok/s 277,594
[eval]  step   500  train 2.4774 (ppl 11.91)  val 2.4752 (ppl 11.88)  best 2.4752@500 (0/20)
[train] step   500  loss 2.4486  lr 1.50e-04  grad 1.27  tok/s 257,997
[train] step   550  loss 2.4855  lr 1.65e-04  grad 1.11  tok/s 278,938
[eval]  step   600  train 2.3779 (ppl 10.78)  val 2.3898 (ppl 10.91)  best 2.3898@600 (0/20)
[train] step   600  loss 2.3945  lr 1.80e-04  grad 1.41  tok/s 256,299
[train] step   650  loss 2.3023  lr 1.95e-04  grad 1.64  tok/s 278,979
[eval]  step   700  train 2.2334 (ppl 9.33)  val 2.2499 (ppl 9.49)  best 2.2499@700 (0/20)
[train] step   700  loss 2.2972  lr 2.10e-04  grad 3.08  tok/s 257,688
[train] step   750  loss 2.0948  lr 2.25e-04  grad 2.16  tok/s 282,421
[eval]  step   800  train 2.0750 (ppl 7.96)  val 2.0597 (ppl 7.84)  best 2.0597@800 (0/20)
[train] step   800  loss 2.1409  lr 2.40e-04  grad 2.01  tok/s 256,456
[train] step   850  loss 2.0306  lr 2.55e-04  grad 2.31  tok/s 278,139
[eval]  step   900  train 1.9384 (ppl 6.95)  val 1.9406 (ppl 6.96)  best 1.9406@900 (0/20)
[train] step   900  loss 1.9080  lr 2.70e-04  grad 2.95  tok/s 256,895
[train] step   950  loss 1.8703  lr 2.85e-04  grad 2.73  tok/s 284,420
[eval]  step  1000  train 1.7975 (ppl 6.03)  val 1.7872 (ppl 5.97)  best 1.7872@1000 (0/20)
[train] step  1000  loss 1.7160  lr 3.00e-04  grad 2.31  tok/s 257,228
[train] step  1050  loss 1.7163  lr 3.00e-04  grad 2.57  tok/s 284,250
[eval]  step  1100  train 1.6840 (ppl 5.39)  val 1.6661 (ppl 5.29)  best 1.6661@1100 (0/20)
[train] step  1100  loss 1.6419  lr 3.00e-04  grad 2.71  tok/s 256,947
[train] step  1150  loss 1.5855  lr 3.00e-04  grad 1.83  tok/s 277,289
[eval]  step  1200  train 1.5907 (ppl 4.91)  val 1.5921 (ppl 4.91)  best 1.5921@1200 (0/20)
[train] step  1200  loss 1.5635  lr 3.00e-04  grad 2.34  tok/s 260,443
[train] step  1250  loss 1.5486  lr 3.00e-04  grad 2.00  tok/s 279,390
[eval]  step  1300  train 1.4992 (ppl 4.48)  val 1.5264 (ppl 4.60)  best 1.5264@1300 (0/20)
[train] step  1300  loss 1.5164  lr 3.00e-04  grad 1.59  tok/s 256,651
[train] step  1350  loss 1.4445  lr 3.00e-04  grad 1.27  tok/s 282,210
[eval]  step  1400  train 1.4237 (ppl 4.15)  val 1.4646 (ppl 4.33)  best 1.4646@1400 (0/20)
[train] step  1400  loss 1.4512  lr 3.00e-04  grad 1.57  tok/s 255,646
[train] step  1450  loss 1.3952  lr 3.00e-04  grad 1.41  tok/s 279,532
[eval]  step  1500  train 1.3923 (ppl 4.02)  val 1.3851 (ppl 4.00)  best 1.3851@1500 (0/20)
[train] step  1500  loss 1.3207  lr 3.00e-04  grad 1.16  tok/s 258,923
[train] step  1550  loss 1.3505  lr 2.99e-04  grad 1.31  tok/s 281,148
[eval]  step  1600  train 1.3260 (ppl 3.77)  val 1.3335 (ppl 3.79)  best 1.3335@1600 (0/20)
[train] step  1600  loss 1.3198  lr 2.99e-04  grad 1.08  tok/s 257,976
[train] step  1650  loss 1.3002  lr 2.99e-04  grad 1.09  tok/s 280,422
[eval]  step  1700  train 1.2971 (ppl 3.66)  val 1.3050 (ppl 3.69)  best 1.3050@1700 (0/20)
[train] step  1700  loss 1.3016  lr 2.99e-04  grad 1.16  tok/s 257,756
[train] step  1750  loss 1.2940  lr 2.99e-04  grad 1.20  tok/s 281,592
[eval]  step  1800  train 1.2475 (ppl 3.48)  val 1.2732 (ppl 3.57)  best 1.2732@1800 (0/20)
[train] step  1800  loss 1.2751  lr 2.99e-04  grad 1.01  tok/s 256,321
[train] step  1850  loss 1.2643  lr 2.99e-04  grad 0.97  tok/s 278,004
[eval]  step  1900  train 1.2332 (ppl 3.43)  val 1.2585 (ppl 3.52)  best 1.2585@1900 (0/20)
[train] step  1900  loss 1.2900  lr 2.99e-04  grad 1.06  tok/s 255,515
[train] step  1950  loss 1.1729  lr 2.98e-04  grad 1.08  tok/s 281,386
[eval]  step  2000  train 1.2423 (ppl 3.46)  val 1.2396 (ppl 3.45)  best 1.2396@2000 (0/20)
[train] step  2000  loss 1.2276  lr 2.98e-04  grad 0.93  tok/s 259,251
[train] step  2050  loss 1.2233  lr 2.98e-04  grad 0.93  tok/s 274,663
[eval]  step  2100  train 1.2120 (ppl 3.36)  val 1.1954 (ppl 3.30)  best 1.1954@2100 (0/20)
[train] step  2100  loss 1.1781  lr 2.98e-04  grad 0.86  tok/s 253,809
[train] step  2150  loss 1.1507  lr 2.98e-04  grad 0.93  tok/s 284,172
[eval]  step  2200  train 1.2077 (ppl 3.35)  val 1.2232 (ppl 3.40)  best 1.1954@2100 (1/20)
[train] step  2200  loss 1.2719  lr 2.97e-04  grad 0.86  tok/s 261,061
[train] step  2250  loss 1.2343  lr 2.97e-04  grad 0.98  tok/s 278,355
[eval]  step  2300  train 1.1641 (ppl 3.20)  val 1.1953 (ppl 3.30)  best 1.1953@2300 (0/20)
[train] step  2300  loss 1.2067  lr 2.97e-04  grad 0.83  tok/s 257,951
[train] step  2350  loss 1.1563  lr 2.97e-04  grad 0.83  tok/s 278,894
[eval]  step  2400  train 1.1767 (ppl 3.24)  val 1.1861 (ppl 3.27)  best 1.1861@2400 (0/20)
[train] step  2400  loss 1.2123  lr 2.96e-04  grad 0.86  tok/s 256,623
[train] step  2450  loss 1.1607  lr 2.96e-04  grad 0.78  tok/s 278,179
[eval]  step  2500  train 1.1563 (ppl 3.18)  val 1.1724 (ppl 3.23)  best 1.1724@2500 (0/20)
[train] step  2500  loss 1.1761  lr 2.96e-04  grad 0.84  tok/s 257,299
[train] step  2550  loss 1.2048  lr 2.96e-04  grad 0.75  tok/s 281,187
[eval]  step  2600  train 1.1371 (ppl 3.12)  val 1.1684 (ppl 3.22)  best 1.1684@2600 (0/20)
[train] step  2600  loss 1.1974  lr 2.95e-04  grad 0.73  tok/s 258,204
[train] step  2650  loss 1.1971  lr 2.95e-04  grad 0.70  tok/s 282,016
[eval]  step  2700  train 1.1179 (ppl 3.06)  val 1.1614 (ppl 3.19)  best 1.1614@2700 (0/20)
[train] step  2700  loss 1.1887  lr 2.95e-04  grad 0.78  tok/s 256,818
[train] step  2750  loss 1.1416  lr 2.94e-04  grad 0.68  tok/s 282,140
[eval]  step  2800  train 1.1343 (ppl 3.11)  val 1.1497 (ppl 3.16)  best 1.1497@2800 (0/20)
[train] step  2800  loss 1.0662  lr 2.94e-04  grad 0.80  tok/s 257,033
[train] step  2850  loss 1.1806  lr 2.94e-04  grad 0.90  tok/s 283,875
[eval]  step  2900  train 1.1235 (ppl 3.08)  val 1.1525 (ppl 3.17)  best 1.1497@2800 (1/20)
[train] step  2900  loss 1.1586  lr 2.93e-04  grad 0.66  tok/s 260,812
[train] step  2950  loss 1.1378  lr 2.93e-04  grad 0.63  tok/s 278,832
[eval]  step  3000  train 1.1197 (ppl 3.06)  val 1.1368 (ppl 3.12)  best 1.1368@3000 (0/20)
[train] step  3000  loss 1.1258  lr 2.93e-04  grad 0.69  tok/s 256,919
[train] step  3050  loss 1.1660  lr 2.92e-04  grad 0.82  tok/s 279,370
[eval]  step  3100  train 1.1223 (ppl 3.07)  val 1.1093 (ppl 3.03)  best 1.1093@3100 (0/20)
[train] step  3100  loss 1.1163  lr 2.92e-04  grad 0.67  tok/s 256,920
[train] step  3150  loss 1.0793  lr 2.92e-04  grad 0.64  tok/s 277,324
[eval]  step  3200  train 1.1221 (ppl 3.07)  val 1.1301 (ppl 3.10)  best 1.1093@3100 (1/20)
[train] step  3200  loss 1.0454  lr 2.91e-04  grad 0.72  tok/s 259,978
[train] step  3250  loss 1.0767  lr 2.91e-04  grad 0.60  tok/s 277,218
[eval]  step  3300  train 1.0866 (ppl 2.96)  val 1.1142 (ppl 3.05)  best 1.1093@3100 (2/20)
[train] step  3300  loss 1.0677  lr 2.90e-04  grad 0.60  tok/s 260,086
[train] step  3350  loss 1.1043  lr 2.90e-04  grad 0.60  tok/s 278,380
[eval]  step  3400  train 1.0998 (ppl 3.00)  val 1.1088 (ppl 3.03)  best 1.1088@3400 (0/20)
[train] step  3400  loss 1.0903  lr 2.90e-04  grad 0.63  tok/s 255,721
[train] step  3450  loss 1.0433  lr 2.89e-04  grad 0.68  tok/s 275,278
[eval]  step  3500  train 1.0871 (ppl 2.97)  val 1.0981 (ppl 3.00)  best 1.0981@3500 (0/20)
[train] step  3500  loss 1.0698  lr 2.89e-04  grad 0.59  tok/s 256,403
[train] step  3550  loss 1.1032  lr 2.88e-04  grad 0.61  tok/s 278,925
[eval]  step  3600  train 1.0851 (ppl 2.96)  val 1.1122 (ppl 3.04)  best 1.0981@3500 (1/20)
[train] step  3600  loss 1.0663  lr 2.88e-04  grad 0.72  tok/s 260,141
[train] step  3650  loss 1.0889  lr 2.87e-04  grad 0.59  tok/s 278,056
[eval]  step  3700  train 1.0476 (ppl 2.85)  val 1.0900 (ppl 2.97)  best 1.0900@3700 (0/20)
[train] step  3700  loss 1.1166  lr 2.87e-04  grad 0.67  tok/s 256,741
[train] step  3750  loss 1.1126  lr 2.86e-04  grad 0.58  tok/s 277,575
[eval]  step  3800  train 1.0864 (ppl 2.96)  val 1.1022 (ppl 3.01)  best 1.0900@3700 (1/20)
[train] step  3800  loss 1.1102  lr 2.86e-04  grad 0.70  tok/s 261,089
[train] step  3850  loss 1.0383  lr 2.85e-04  grad 0.64  tok/s 279,338
[eval]  step  3900  train 1.0694 (ppl 2.91)  val 1.0885 (ppl 2.97)  best 1.0885@3900 (0/20)
[train] step  3900  loss 1.0949  lr 2.85e-04  grad 0.55  tok/s 257,860
[train] step  3950  loss 1.1085  lr 2.84e-04  grad 0.66  tok/s 278,494
[eval]  step  4000  train 1.0961 (ppl 2.99)  val 1.0878 (ppl 2.97)  best 1.0878@4000 (0/20)
[train] step  4000  loss 1.1136  lr 2.84e-04  grad 0.62  tok/s 256,350
[train] step  4050  loss 1.0507  lr 2.83e-04  grad 0.59  tok/s 279,420
[eval]  step  4100  train 1.0703 (ppl 2.92)  val 1.0850 (ppl 2.96)  best 1.0850@4100 (0/20)
[train] step  4100  loss 1.1341  lr 2.83e-04  grad 0.68  tok/s 257,237
[train] step  4150  loss 1.0443  lr 2.82e-04  grad 0.56  tok/s 280,175
[eval]  step  4200  train 1.0557 (ppl 2.87)  val 1.0721 (ppl 2.92)  best 1.0721@4200 (0/20)
[train] step  4200  loss 1.0347  lr 2.82e-04  grad 0.56  tok/s 258,759
[train] step  4250  loss 1.0871  lr 2.81e-04  grad 0.61  tok/s 281,293
[eval]  step  4300  train 1.0355 (ppl 2.82)  val 1.0811 (ppl 2.95)  best 1.0721@4200 (1/20)
[train] step  4300  loss 1.0800  lr 2.80e-04  grad 0.70  tok/s 261,122
[train] step  4350  loss 1.1286  lr 2.80e-04  grad 0.60  tok/s 280,060
[eval]  step  4400  train 1.0697 (ppl 2.91)  val 1.0667 (ppl 2.91)  best 1.0667@4400 (0/20)
[train] step  4400  loss 1.1129  lr 2.79e-04  grad 0.62  tok/s 258,174
[train] step  4450  loss 1.1172  lr 2.79e-04  grad 0.58  tok/s 278,807
[eval]  step  4500  train 1.0560 (ppl 2.87)  val 1.0757 (ppl 2.93)  best 1.0667@4400 (1/20)
[train] step  4500  loss 0.9941  lr 2.78e-04  grad 0.54  tok/s 260,491
[train] step  4550  loss 1.0934  lr 2.77e-04  grad 0.60  tok/s 279,984
[eval]  step  4600  train 1.0371 (ppl 2.82)  val 1.0718 (ppl 2.92)  best 1.0667@4400 (2/20)
[train] step  4600  loss 1.0003  lr 2.77e-04  grad 0.51  tok/s 262,102
[train] step  4650  loss 1.0759  lr 2.76e-04  grad 0.63  tok/s 279,697
[eval]  step  4700  train 1.0371 (ppl 2.82)  val 1.0673 (ppl 2.91)  best 1.0667@4400 (3/20)
[train] step  4700  loss 1.0568  lr 2.76e-04  grad 0.55  tok/s 261,201
[train] step  4750  loss 1.0481  lr 2.75e-04  grad 0.60  tok/s 278,011
[eval]  step  4800  train 1.0304 (ppl 2.80)  val 1.0524 (ppl 2.86)  best 1.0524@4800 (0/20)
[train] step  4800  loss 1.0476  lr 2.74e-04  grad 0.54  tok/s 257,098
[train] step  4850  loss 1.0230  lr 2.74e-04  grad 0.53  tok/s 278,477
[eval]  step  4900  train 1.0368 (ppl 2.82)  val 1.0547 (ppl 2.87)  best 1.0524@4800 (1/20)
[train] step  4900  loss 0.9793  lr 2.73e-04  grad 0.53  tok/s 260,592
[train] step  4950  loss 1.0754  lr 2.72e-04  grad 0.55  tok/s 279,380
[eval]  step  5000  train 1.0541 (ppl 2.87)  val 1.0517 (ppl 2.86)  best 1.0517@5000 (0/20)
[train] step  5000  loss 1.0045  lr 2.72e-04  grad 0.54  tok/s 256,774
[train] step  5050  loss 1.0273  lr 2.71e-04  grad 0.54  tok/s 278,138
[eval]  step  5100  train 1.0238 (ppl 2.78)  val 1.0590 (ppl 2.88)  best 1.0517@5000 (1/20)
[train] step  5100  loss 1.0224  lr 2.70e-04  grad 0.53  tok/s 262,364
[train] step  5150  loss 1.1006  lr 2.69e-04  grad 0.54  tok/s 279,931
[eval]  step  5200  train 1.0244 (ppl 2.79)  val 1.0580 (ppl 2.88)  best 1.0517@5000 (2/20)
[train] step  5200  loss 1.1027  lr 2.69e-04  grad 0.53  tok/s 260,968
[train] step  5250  loss 1.0807  lr 2.68e-04  grad 0.51  tok/s 276,879
[eval]  step  5300  train 1.0185 (ppl 2.77)  val 1.0496 (ppl 2.86)  best 1.0496@5300 (0/20)
[train] step  5300  loss 1.0050  lr 2.67e-04  grad 0.56  tok/s 256,103
[train] step  5350  loss 1.0493  lr 2.67e-04  grad 0.55  tok/s 280,477
[eval]  step  5400  train 1.0348 (ppl 2.81)  val 1.0437 (ppl 2.84)  best 1.0437@5400 (0/20)
[train] step  5400  loss 1.0200  lr 2.66e-04  grad 0.53  tok/s 258,047
[train] step  5450  loss 1.0186  lr 2.65e-04  grad 0.54  tok/s 282,229
[eval]  step  5500  train 1.0160 (ppl 2.76)  val 1.0277 (ppl 2.79)  best 1.0277@5500 (0/20)
[train] step  5500  loss 0.9672  lr 2.64e-04  grad 0.50  tok/s 258,503
[train] step  5550  loss 1.0153  lr 2.64e-04  grad 0.50  tok/s 282,887
[eval]  step  5600  train 1.0193 (ppl 2.77)  val 1.0596 (ppl 2.89)  best 1.0277@5500 (1/20)
[train] step  5600  loss 1.0065  lr 2.63e-04  grad 0.54  tok/s 261,867
[train] step  5650  loss 0.9875  lr 2.62e-04  grad 0.48  tok/s 279,130
[eval]  step  5700  train 1.0207 (ppl 2.78)  val 1.0440 (ppl 2.84)  best 1.0277@5500 (2/20)
[train] step  5700  loss 1.0044  lr 2.61e-04  grad 0.51  tok/s 261,960
[train] step  5750  loss 1.0025  lr 2.60e-04  grad 0.49  tok/s 281,118
[eval]  step  5800  train 1.0181 (ppl 2.77)  val 1.0514 (ppl 2.86)  best 1.0277@5500 (3/20)
[train] step  5800  loss 0.9788  lr 2.60e-04  grad 0.54  tok/s 261,444
[train] step  5850  loss 0.9535  lr 2.59e-04  grad 0.50  tok/s 282,562
[eval]  step  5900  train 1.0214 (ppl 2.78)  val 1.0177 (ppl 2.77)  best 1.0177@5900 (0/20)
[train] step  5900  loss 1.0390  lr 2.58e-04  grad 0.56  tok/s 258,438
[train] step  5950  loss 0.9999  lr 2.57e-04  grad 0.53  tok/s 280,790
[eval]  step  6000  train 0.9971 (ppl 2.71)  val 1.0188 (ppl 2.77)  best 1.0177@5900 (1/20)
[train] step  6000  loss 1.0463  lr 2.56e-04  grad 0.51  tok/s 261,455
[train] step  6050  loss 0.9984  lr 2.56e-04  grad 0.51  tok/s 279,922
[eval]  step  6100  train 0.9944 (ppl 2.70)  val 1.0197 (ppl 2.77)  best 1.0177@5900 (2/20)
[train] step  6100  loss 1.0479  lr 2.55e-04  grad 0.55  tok/s 260,876
[train] step  6150  loss 0.9361  lr 2.54e-04  grad 0.54  tok/s 279,385
[eval]  step  6200  train 1.0030 (ppl 2.73)  val 1.0276 (ppl 2.79)  best 1.0177@5900 (3/20)
[train] step  6200  loss 0.9730  lr 2.53e-04  grad 0.53  tok/s 261,155
[train] step  6250  loss 1.0401  lr 2.52e-04  grad 0.54  tok/s 279,596
[eval]  step  6300  train 1.0183 (ppl 2.77)  val 1.0111 (ppl 2.75)  best 1.0111@6300 (0/20)
[train] step  6300  loss 0.9881  lr 2.51e-04  grad 0.54  tok/s 257,938
[train] step  6350  loss 1.0426  lr 2.51e-04  grad 0.53  tok/s 278,764
[eval]  step  6400  train 0.9912 (ppl 2.69)  val 1.0295 (ppl 2.80)  best 1.0111@6300 (1/20)
[train] step  6400  loss 0.9853  lr 2.50e-04  grad 0.53  tok/s 261,774
[train] step  6450  loss 0.9587  lr 2.49e-04  grad 0.56  tok/s 279,460
[eval]  step  6500  train 1.0098 (ppl 2.74)  val 1.0252 (ppl 2.79)  best 1.0111@6300 (2/20)
[train] step  6500  loss 1.0252  lr 2.48e-04  grad 0.52  tok/s 261,249
[train] step  6550  loss 1.0284  lr 2.47e-04  grad 0.51  tok/s 281,482
[eval]  step  6600  train 0.9839 (ppl 2.67)  val 1.0430 (ppl 2.84)  best 1.0111@6300 (3/20)
[train] step  6600  loss 0.9635  lr 2.46e-04  grad 0.53  tok/s 262,763
[train] step  6650  loss 0.9030  lr 2.45e-04  grad 0.49  tok/s 279,874
[eval]  step  6700  train 0.9847 (ppl 2.68)  val 1.0254 (ppl 2.79)  best 1.0111@6300 (4/20)
[train] step  6700  loss 1.0051  lr 2.44e-04  grad 0.50  tok/s 261,875
[train] step  6750  loss 0.9655  lr 2.43e-04  grad 0.50  tok/s 279,837
[eval]  step  6800  train 0.9943 (ppl 2.70)  val 1.0172 (ppl 2.77)  best 1.0111@6300 (5/20)
[train] step  6800  loss 0.9854  lr 2.43e-04  grad 0.52  tok/s 261,704
[train] step  6850  loss 0.9750  lr 2.42e-04  grad 0.49  tok/s 279,437
[eval]  step  6900  train 0.9916 (ppl 2.70)  val 1.0275 (ppl 2.79)  best 1.0111@6300 (6/20)
[train] step  6900  loss 1.0148  lr 2.41e-04  grad 0.50  tok/s 263,123
[train] step  6950  loss 0.9865  lr 2.40e-04  grad 0.52  tok/s 280,132
[eval]  step  7000  train 0.9938 (ppl 2.70)  val 1.0301 (ppl 2.80)  best 1.0111@6300 (7/20)
[train] step  7000  loss 1.0399  lr 2.39e-04  grad 0.49  tok/s 263,156
[train] step  7050  loss 1.0283  lr 2.38e-04  grad 0.50  tok/s 282,847
[eval]  step  7100  train 0.9781 (ppl 2.66)  val 1.0128 (ppl 2.75)  best 1.0111@6300 (8/20)
[train] step  7100  loss 1.0001  lr 2.37e-04  grad 0.53  tok/s 261,258
[train] step  7150  loss 0.9787  lr 2.36e-04  grad 0.52  tok/s 279,848
[eval]  step  7200  train 0.9966 (ppl 2.71)  val 1.0248 (ppl 2.79)  best 1.0111@6300 (9/20)
[train] step  7200  loss 0.9950  lr 2.35e-04  grad 0.52  tok/s 262,096
[train] step  7250  loss 0.9712  lr 2.34e-04  grad 0.50  tok/s 281,250
[eval]  step  7300  train 0.9800 (ppl 2.66)  val 1.0050 (ppl 2.73)  best 1.0050@7300 (0/20)
[train] step  7300  loss 0.9018  lr 2.33e-04  grad 0.48  tok/s 258,361
[train] step  7350  loss 0.9505  lr 2.32e-04  grad 0.48  tok/s 278,920
[eval]  step  7400  train 0.9735 (ppl 2.65)  val 1.0014 (ppl 2.72)  best 1.0014@7400 (0/20)
[train] step  7400  loss 0.9389  lr 2.31e-04  grad 0.54  tok/s 257,454
[train] step  7450  loss 1.0308  lr 2.30e-04  grad 0.53  tok/s 280,578
[eval]  step  7500  train 0.9769 (ppl 2.66)  val 0.9943 (ppl 2.70)  best 0.9943@7500 (0/20)
[train] step  7500  loss 0.9745  lr 2.29e-04  grad 0.50  tok/s 259,260
[train] step  7550  loss 1.0321  lr 2.28e-04  grad 0.50  tok/s 285,605
[eval]  step  7600  train 0.9956 (ppl 2.71)  val 1.0182 (ppl 2.77)  best 0.9943@7500 (1/20)
[train] step  7600  loss 0.9835  lr 2.27e-04  grad 0.50  tok/s 262,157
[train] step  7650  loss 0.9963  lr 2.26e-04  grad 0.52  tok/s 278,322
[eval]  step  7700  train 0.9868 (ppl 2.68)  val 1.0194 (ppl 2.77)  best 0.9943@7500 (2/20)
[train] step  7700  loss 0.9749  lr 2.25e-04  grad 0.48  tok/s 261,456
[train] step  7750  loss 0.8960  lr 2.24e-04  grad 0.50  tok/s 279,297
[eval]  step  7800  train 0.9568 (ppl 2.60)  val 1.0233 (ppl 2.78)  best 0.9943@7500 (3/20)
[train] step  7800  loss 0.9832  lr 2.23e-04  grad 0.49  tok/s 261,992
[train] step  7850  loss 0.9679  lr 2.22e-04  grad 0.48  tok/s 280,027
[eval]  step  7900  train 0.9881 (ppl 2.69)  val 0.9952 (ppl 2.71)  best 0.9943@7500 (4/20)
[train] step  7900  loss 0.9976  lr 2.21e-04  grad 0.50  tok/s 261,875
[train] step  7950  loss 0.9971  lr 2.20e-04  grad 0.49  tok/s 281,471
[eval]  step  8000  train 0.9896 (ppl 2.69)  val 1.0060 (ppl 2.73)  best 0.9943@7500 (5/20)
[train] step  8000  loss 1.0021  lr 2.19e-04  grad 0.50  tok/s 261,908
[train] step  8050  loss 0.9889  lr 2.18e-04  grad 0.51  tok/s 278,845
[eval]  step  8100  train 0.9640 (ppl 2.62)  val 1.0035 (ppl 2.73)  best 0.9943@7500 (6/20)
[train] step  8100  loss 0.9992  lr 2.17e-04  grad 0.51  tok/s 265,269
[train] step  8150  loss 0.9871  lr 2.16e-04  grad 0.53  tok/s 282,866
[eval]  step  8200  train 0.9328 (ppl 2.54)  val 0.9893 (ppl 2.69)  best 0.9893@8200 (0/20)
[train] step  8200  loss 0.9399  lr 2.15e-04  grad 0.47  tok/s 255,822
[train] step  8250  loss 0.9481  lr 2.14e-04  grad 0.45  tok/s 280,519
[eval]  step  8300  train 0.9722 (ppl 2.64)  val 0.9864 (ppl 2.68)  best 0.9864@8300 (0/20)
[train] step  8300  loss 0.9764  lr 2.13e-04  grad 0.50  tok/s 258,158
[train] step  8350  loss 0.9993  lr 2.12e-04  grad 0.53  tok/s 281,890
[eval]  step  8400  train 0.9651 (ppl 2.62)  val 0.9887 (ppl 2.69)  best 0.9864@8300 (1/20)
[train] step  8400  loss 0.9811  lr 2.11e-04  grad 0.50  tok/s 261,919
[train] step  8450  loss 0.9843  lr 2.10e-04  grad 0.52  tok/s 278,163
[eval]  step  8500  train 0.9556 (ppl 2.60)  val 0.9766 (ppl 2.66)  best 0.9766@8500 (0/20)
[train] step  8500  loss 0.9690  lr 2.09e-04  grad 0.48  tok/s 261,110
[train] step  8550  loss 0.9611  lr 2.08e-04  grad 0.50  tok/s 279,559
[eval]  step  8600  train 0.9530 (ppl 2.59)  val 1.0055 (ppl 2.73)  best 0.9766@8500 (1/20)
[train] step  8600  loss 1.0289  lr 2.07e-04  grad 0.48  tok/s 263,402
[train] step  8650  loss 0.8581  lr 2.06e-04  grad 0.47  tok/s 280,419
[eval]  step  8700  train 0.9596 (ppl 2.61)  val 0.9926 (ppl 2.70)  best 0.9766@8500 (2/20)
[train] step  8700  loss 1.0169  lr 2.05e-04  grad 0.48  tok/s 260,686
[train] step  8750  loss 0.9715  lr 2.04e-04  grad 0.50  tok/s 283,324
[eval]  step  8800  train 0.9502 (ppl 2.59)  val 0.9820 (ppl 2.67)  best 0.9766@8500 (3/20)
[train] step  8800  loss 1.0050  lr 2.02e-04  grad 0.50  tok/s 261,716
[train] step  8850  loss 0.9385  lr 2.01e-04  grad 0.49  tok/s 279,891
[eval]  step  8900  train 0.9766 (ppl 2.66)  val 1.0095 (ppl 2.74)  best 0.9766@8500 (4/20)
[train] step  8900  loss 0.9923  lr 2.00e-04  grad 0.56  tok/s 261,373
[train] step  8950  loss 0.9194  lr 1.99e-04  grad 0.49  tok/s 279,043
[eval]  step  9000  train 0.9730 (ppl 2.65)  val 1.0033 (ppl 2.73)  best 0.9766@8500 (5/20)
[train] step  9000  loss 0.9229  lr 1.98e-04  grad 0.46  tok/s 260,564
[train] step  9050  loss 0.9241  lr 1.97e-04  grad 0.49  tok/s 284,293
[eval]  step  9100  train 0.9467 (ppl 2.58)  val 0.9767 (ppl 2.66)  best 0.9766@8500 (6/20)
[train] step  9100  loss 0.9449  lr 1.96e-04  grad 0.47  tok/s 261,477
[train] step  9150  loss 0.9764  lr 1.95e-04  grad 0.53  tok/s 279,338
[eval]  step  9200  train 0.9471 (ppl 2.58)  val 0.9762 (ppl 2.65)  best 0.9762@9200 (0/20)
[train] step  9200  loss 0.8814  lr 1.94e-04  grad 0.50  tok/s 256,946
[train] step  9250  loss 0.9142  lr 1.93e-04  grad 0.47  tok/s 277,221
[eval]  step  9300  train 0.9562 (ppl 2.60)  val 1.0027 (ppl 2.73)  best 0.9762@9200 (1/20)
[train] step  9300  loss 0.8848  lr 1.92e-04  grad 0.47  tok/s 261,673
[train] step  9350  loss 0.9697  lr 1.91e-04  grad 0.49  tok/s 280,109
[eval]  step  9400  train 0.9532 (ppl 2.59)  val 0.9915 (ppl 2.70)  best 0.9762@9200 (2/20)
[train] step  9400  loss 1.0054  lr 1.89e-04  grad 0.52  tok/s 261,833
[train] step  9450  loss 0.9340  lr 1.88e-04  grad 0.51  tok/s 280,494
[eval]  step  9500  train 0.9532 (ppl 2.59)  val 0.9746 (ppl 2.65)  best 0.9746@9500 (0/20)
[train] step  9500  loss 0.9996  lr 1.87e-04  grad 0.48  tok/s 256,274
[train] step  9550  loss 0.9390  lr 1.86e-04  grad 0.49  tok/s 279,226
[eval]  step  9600  train 0.9560 (ppl 2.60)  val 0.9741 (ppl 2.65)  best 0.9741@9600 (0/20)
[train] step  9600  loss 0.9548  lr 1.85e-04  grad 0.56  tok/s 257,183
[train] step  9650  loss 0.9451  lr 1.84e-04  grad 0.59  tok/s 280,504
[eval]  step  9700  train 0.9608 (ppl 2.61)  val 0.9671 (ppl 2.63)  best 0.9671@9700 (0/20)
[train] step  9700  loss 0.9390  lr 1.83e-04  grad 0.50  tok/s 256,903
[train] step  9750  loss 0.9433  lr 1.82e-04  grad 0.50  tok/s 278,945
[eval]  step  9800  train 0.9514 (ppl 2.59)  val 0.9658 (ppl 2.63)  best 0.9658@9800 (0/20)
[train] step  9800  loss 0.9563  lr 1.81e-04  grad 0.49  tok/s 257,909
[train] step  9850  loss 0.9945  lr 1.79e-04  grad 0.47  tok/s 280,353
[eval]  step  9900  train 0.9487 (ppl 2.58)  val 0.9880 (ppl 2.69)  best 0.9658@9800 (1/20)
[train] step  9900  loss 0.9134  lr 1.78e-04  grad 0.49  tok/s 262,428
[train] step  9950  loss 0.9420  lr 1.77e-04  grad 0.48  tok/s 280,119
[eval]  step 10000  train 0.9434 (ppl 2.57)  val 0.9694 (ppl 2.64)  best 0.9658@9800 (2/20)
[train] step 10000  loss 0.9909  lr 1.76e-04  grad 0.50  tok/s 260,477
[train] step 10050  loss 1.0055  lr 1.75e-04  grad 0.49  tok/s 278,029
[eval]  step 10100  train 0.9311 (ppl 2.54)  val 0.9950 (ppl 2.70)  best 0.9658@9800 (3/20)
[train] step 10100  loss 0.9260  lr 1.74e-04  grad 0.48  tok/s 261,027
[train] step 10150  loss 0.9262  lr 1.73e-04  grad 0.49  tok/s 279,928
[eval]  step 10200  train 0.9676 (ppl 2.63)  val 0.9880 (ppl 2.69)  best 0.9658@9800 (4/20)
[train] step 10200  loss 0.9522  lr 1.72e-04  grad 0.50  tok/s 261,170
[train] step 10250  loss 0.9766  lr 1.71e-04  grad 0.50  tok/s 279,200
[eval]  step 10300  train 0.9447 (ppl 2.57)  val 0.9789 (ppl 2.66)  best 0.9658@9800 (5/20)
[train] step 10300  loss 0.9882  lr 1.69e-04  grad 0.47  tok/s 261,289
[train] step 10350  loss 0.9141  lr 1.68e-04  grad 0.48  tok/s 279,382
[eval]  step 10400  train 0.9502 (ppl 2.59)  val 0.9802 (ppl 2.66)  best 0.9658@9800 (6/20)
[train] step 10400  loss 0.9043  lr 1.67e-04  grad 0.50  tok/s 261,469
[train] step 10450  loss 0.9262  lr 1.66e-04  grad 0.52  tok/s 279,543
[eval]  step 10500  train 0.9337 (ppl 2.54)  val 0.9728 (ppl 2.65)  best 0.9658@9800 (7/20)
[train] step 10500  loss 0.9297  lr 1.65e-04  grad 0.46  tok/s 261,491
[train] step 10550  loss 0.9520  lr 1.64e-04  grad 0.46  tok/s 278,420
[eval]  step 10600  train 0.9354 (ppl 2.55)  val 0.9861 (ppl 2.68)  best 0.9658@9800 (8/20)
[train] step 10600  loss 0.8617  lr 1.63e-04  grad 0.48  tok/s 261,618
[train] step 10650  loss 0.9414  lr 1.62e-04  grad 0.52  tok/s 280,033
[eval]  step 10700  train 0.9292 (ppl 2.53)  val 0.9822 (ppl 2.67)  best 0.9658@9800 (9/20)
[train] step 10700  loss 0.9654  lr 1.61e-04  grad 0.50  tok/s 261,599
[train] step 10750  loss 0.9190  lr 1.59e-04  grad 0.50  tok/s 280,487
[eval]  step 10800  train 0.9258 (ppl 2.52)  val 0.9773 (ppl 2.66)  best 0.9658@9800 (10/20)
[train] step 10800  loss 0.9271  lr 1.58e-04  grad 0.50  tok/s 260,314
[train] step 10850  loss 0.9378  lr 1.57e-04  grad 0.48  tok/s 279,473
[eval]  step 10900  train 0.9270 (ppl 2.53)  val 0.9685 (ppl 2.63)  best 0.9658@9800 (11/20)
[train] step 10900  loss 0.9007  lr 1.56e-04  grad 0.47  tok/s 261,287
[train] step 10950  loss 0.9276  lr 1.55e-04  grad 0.50  tok/s 281,775
[eval]  step 11000  train 0.9399 (ppl 2.56)  val 0.9749 (ppl 2.65)  best 0.9658@9800 (12/20)
[train] step 11000  loss 0.9016  lr 1.54e-04  grad 0.48  tok/s 261,958
[train] step 11050  loss 0.9376  lr 1.53e-04  grad 0.48  tok/s 279,519
[eval]  step 11100  train 0.9199 (ppl 2.51)  val 0.9796 (ppl 2.66)  best 0.9658@9800 (13/20)
[train] step 11100  loss 0.9434  lr 1.52e-04  grad 0.51  tok/s 260,546
[train] step 11150  loss 0.8756  lr 1.51e-04  grad 0.49  tok/s 279,550
[eval]  step 11200  train 0.9211 (ppl 2.51)  val 0.9667 (ppl 2.63)  best 0.9658@9800 (14/20)
[train] step 11200  loss 0.8950  lr 1.49e-04  grad 0.46  tok/s 261,936
[train] step 11250  loss 0.9174  lr 1.48e-04  grad 0.47  tok/s 280,356
[eval]  step 11300  train 0.9219 (ppl 2.51)  val 0.9629 (ppl 2.62)  best 0.9629@11300 (0/20)
[train] step 11300  loss 0.9408  lr 1.47e-04  grad 0.49  tok/s 257,646
[train] step 11350  loss 0.9687  lr 1.46e-04  grad 0.49  tok/s 279,421
[eval]  step 11400  train 0.9408 (ppl 2.56)  val 0.9760 (ppl 2.65)  best 0.9629@11300 (1/20)
[train] step 11400  loss 0.9504  lr 1.45e-04  grad 0.50  tok/s 262,464
[train] step 11450  loss 0.9167  lr 1.44e-04  grad 0.48  tok/s 279,581
[eval]  step 11500  train 0.9371 (ppl 2.55)  val 0.9640 (ppl 2.62)  best 0.9629@11300 (2/20)
[train] step 11500  loss 0.8718  lr 1.43e-04  grad 0.46  tok/s 261,604
[train] step 11550  loss 0.8987  lr 1.42e-04  grad 0.51  tok/s 279,900
[eval]  step 11600  train 0.9155 (ppl 2.50)  val 0.9526 (ppl 2.59)  best 0.9526@11600 (0/20)
[train] step 11600  loss 0.9224  lr 1.41e-04  grad 0.50  tok/s 256,790
[train] step 11650  loss 0.9234  lr 1.39e-04  grad 0.49  tok/s 280,354
[eval]  step 11700  train 0.9260 (ppl 2.52)  val 0.9726 (ppl 2.64)  best 0.9526@11600 (1/20)
[train] step 11700  loss 0.8558  lr 1.38e-04  grad 0.49  tok/s 261,430
[train] step 11750  loss 0.9491  lr 1.37e-04  grad 0.52  tok/s 281,272
[eval]  step 11800  train 0.9337 (ppl 2.54)  val 0.9652 (ppl 2.63)  best 0.9526@11600 (2/20)
[train] step 11800  loss 0.9692  lr 1.36e-04  grad 0.49  tok/s 261,705
[train] step 11850  loss 1.0063  lr 1.35e-04  grad 0.58  tok/s 279,342
[eval]  step 11900  train 0.9254 (ppl 2.52)  val 0.9809 (ppl 2.67)  best 0.9526@11600 (3/20)
[train] step 11900  loss 0.9550  lr 1.34e-04  grad 0.48  tok/s 260,908
[train] step 11950  loss 0.9067  lr 1.33e-04  grad 0.51  tok/s 279,241
[eval]  step 12000  train 0.9376 (ppl 2.55)  val 0.9590 (ppl 2.61)  best 0.9526@11600 (4/20)
[train] step 12000  loss 0.9249  lr 1.32e-04  grad 0.49  tok/s 260,706
[train] step 12050  loss 0.9468  lr 1.31e-04  grad 0.54  tok/s 278,938
[eval]  step 12100  train 0.9053 (ppl 2.47)  val 0.9579 (ppl 2.61)  best 0.9526@11600 (5/20)
[train] step 12100  loss 0.9000  lr 1.30e-04  grad 0.47  tok/s 260,289
[train] step 12150  loss 0.8693  lr 1.29e-04  grad 0.51  tok/s 278,888
[eval]  step 12200  train 0.9217 (ppl 2.51)  val 0.9581 (ppl 2.61)  best 0.9526@11600 (6/20)
[train] step 12200  loss 0.8989  lr 1.28e-04  grad 0.50  tok/s 260,847
[train] step 12250  loss 0.8987  lr 1.26e-04  grad 0.49  tok/s 279,074
[eval]  step 12300  train 0.8990 (ppl 2.46)  val 0.9769 (ppl 2.66)  best 0.9526@11600 (7/20)
[train] step 12300  loss 0.9449  lr 1.25e-04  grad 0.50  tok/s 261,284
[train] step 12350  loss 0.8959  lr 1.24e-04  grad 0.50  tok/s 279,217
[eval]  step 12400  train 0.9186 (ppl 2.51)  val 0.9760 (ppl 2.65)  best 0.9526@11600 (8/20)
[train] step 12400  loss 0.8563  lr 1.23e-04  grad 0.48  tok/s 260,970
[train] step 12450  loss 0.8710  lr 1.22e-04  grad 0.50  tok/s 280,445
[eval]  step 12500  train 0.9228 (ppl 2.52)  val 0.9761 (ppl 2.65)  best 0.9526@11600 (9/20)
[train] step 12500  loss 0.9142  lr 1.21e-04  grad 0.48  tok/s 261,554
[train] step 12550  loss 0.8914  lr 1.20e-04  grad 0.54  tok/s 279,579
[eval]  step 12600  train 0.8966 (ppl 2.45)  val 0.9737 (ppl 2.65)  best 0.9526@11600 (10/20)
[train] step 12600  loss 0.8986  lr 1.19e-04  grad 0.48  tok/s 261,786
[train] step 12650  loss 0.9653  lr 1.18e-04  grad 0.51  tok/s 277,980
[eval]  step 12700  train 0.9151 (ppl 2.50)  val 0.9531 (ppl 2.59)  best 0.9526@11600 (11/20)
[train] step 12700  loss 0.9183  lr 1.17e-04  grad 0.49  tok/s 261,682
[train] step 12750  loss 0.9436  lr 1.16e-04  grad 0.52  tok/s 280,002
[eval]  step 12800  train 0.8981 (ppl 2.46)  val 0.9519 (ppl 2.59)  best 0.9519@12800 (0/20)
[train] step 12800  loss 0.9095  lr 1.15e-04  grad 0.47  tok/s 258,327
[train] step 12850  loss 0.8491  lr 1.14e-04  grad 0.47  tok/s 281,964
[eval]  step 12900  train 0.9034 (ppl 2.47)  val 0.9533 (ppl 2.59)  best 0.9519@12800 (1/20)
[train] step 12900  loss 0.8926  lr 1.13e-04  grad 0.51  tok/s 260,226
[train] step 12950  loss 0.9406  lr 1.12e-04  grad 0.50  tok/s 279,235
[eval]  step 13000  train 0.9116 (ppl 2.49)  val 0.9555 (ppl 2.60)  best 0.9519@12800 (2/20)
[train] step 13000  loss 0.8680  lr 1.11e-04  grad 0.54  tok/s 261,253
[train] step 13050  loss 0.9754  lr 1.10e-04  grad 0.49  tok/s 279,736
[eval]  step 13100  train 0.9067 (ppl 2.48)  val 0.9600 (ppl 2.61)  best 0.9519@12800 (3/20)
[train] step 13100  loss 0.8902  lr 1.09e-04  grad 0.49  tok/s 261,489
[train] step 13150  loss 0.8907  lr 1.08e-04  grad 0.52  tok/s 278,243
[eval]  step 13200  train 0.9092 (ppl 2.48)  val 0.9469 (ppl 2.58)  best 0.9469@13200 (0/20)
[train] step 13200  loss 0.9145  lr 1.07e-04  grad 0.48  tok/s 257,921
[train] step 13250  loss 0.8760  lr 1.06e-04  grad 0.52  tok/s 279,845
[eval]  step 13300  train 0.8995 (ppl 2.46)  val 0.9606 (ppl 2.61)  best 0.9469@13200 (1/20)
[train] step 13300  loss 0.8854  lr 1.05e-04  grad 0.49  tok/s 262,422
[train] step 13350  loss 0.7999  lr 1.04e-04  grad 0.48  tok/s 279,566
[eval]  step 13400  train 0.9120 (ppl 2.49)  val 0.9425 (ppl 2.57)  best 0.9425@13400 (0/20)
[train] step 13400  loss 0.8321  lr 1.03e-04  grad 0.48  tok/s 257,577
[train] step 13450  loss 0.9230  lr 1.02e-04  grad 0.50  tok/s 277,977
[eval]  step 13500  train 0.8965 (ppl 2.45)  val 0.9644 (ppl 2.62)  best 0.9425@13400 (1/20)
[train] step 13500  loss 0.9531  lr 1.01e-04  grad 0.52  tok/s 269,006
[train] step 13550  loss 0.9736  lr 9.98e-05  grad 0.53  tok/s 279,730
[eval]  step 13600  train 0.9103 (ppl 2.49)  val 0.9555 (ppl 2.60)  best 0.9425@13400 (2/20)
[train] step 13600  loss 0.8945  lr 9.88e-05  grad 0.48  tok/s 260,241
[train] step 13650  loss 0.8062  lr 9.78e-05  grad 0.46  tok/s 278,940
[eval]  step 13700  train 0.8810 (ppl 2.41)  val 0.9556 (ppl 2.60)  best 0.9425@13400 (3/20)
[train] step 13700  loss 0.9280  lr 9.69e-05  grad 0.51  tok/s 259,196
[train] step 13750  loss 0.9247  lr 9.59e-05  grad 0.51  tok/s 279,137
[eval]  step 13800  train 0.9081 (ppl 2.48)  val 0.9528 (ppl 2.59)  best 0.9425@13400 (4/20)
[train] step 13800  loss 0.8934  lr 9.49e-05  grad 0.51  tok/s 261,053
[train] step 13850  loss 0.8820  lr 9.40e-05  grad 0.51  tok/s 278,856
[eval]  step 13900  train 0.9045 (ppl 2.47)  val 0.9304 (ppl 2.54)  best 0.9304@13900 (0/20)
[train] step 13900  loss 0.7488  lr 9.30e-05  grad 0.47  tok/s 257,540
[train] step 13950  loss 0.9027  lr 9.21e-05  grad 0.50  tok/s 276,431
[eval]  step 14000  train 0.9092 (ppl 2.48)  val 0.9324 (ppl 2.54)  best 0.9304@13900 (1/20)
[train] step 14000  loss 0.8310  lr 9.12e-05  grad 0.48  tok/s 260,757
[train] step 14050  loss 0.8660  lr 9.02e-05  grad 0.54  tok/s 280,337
[eval]  step 14100  train 0.9014 (ppl 2.46)  val 0.9408 (ppl 2.56)  best 0.9304@13900 (2/20)
[train] step 14100  loss 0.9255  lr 8.93e-05  grad 0.52  tok/s 260,873
[train] step 14150  loss 0.9039  lr 8.84e-05  grad 0.49  tok/s 278,442
[eval]  step 14200  train 0.9027 (ppl 2.47)  val 0.9551 (ppl 2.60)  best 0.9304@13900 (3/20)
[train] step 14200  loss 0.8708  lr 8.75e-05  grad 0.49  tok/s 259,788
[train] step 14250  loss 0.9087  lr 8.66e-05  grad 0.52  tok/s 279,266
[eval]  step 14300  train 0.8850 (ppl 2.42)  val 0.9470 (ppl 2.58)  best 0.9304@13900 (4/20)
[train] step 14300  loss 0.8826  lr 8.56e-05  grad 0.53  tok/s 261,138
[train] step 14350  loss 0.8948  lr 8.47e-05  grad 0.52  tok/s 278,448
[eval]  step 14400  train 0.9023 (ppl 2.47)  val 0.9616 (ppl 2.62)  best 0.9304@13900 (5/20)
[train] step 14400  loss 0.8619  lr 8.39e-05  grad 0.50  tok/s 268,187
[train] step 14450  loss 0.9391  lr 8.30e-05  grad 0.55  tok/s 278,130
[eval]  step 14500  train 0.9025 (ppl 2.47)  val 0.9377 (ppl 2.55)  best 0.9304@13900 (6/20)
[train] step 14500  loss 0.9326  lr 8.21e-05  grad 0.51  tok/s 260,202
[train] step 14550  loss 0.9525  lr 8.12e-05  grad 0.53  tok/s 279,970
[eval]  step 14600  train 0.8949 (ppl 2.45)  val 0.9470 (ppl 2.58)  best 0.9304@13900 (7/20)
[train] step 14600  loss 0.9171  lr 8.03e-05  grad 0.55  tok/s 262,034
[train] step 14650  loss 0.9120  lr 7.95e-05  grad 0.51  tok/s 280,464
[eval]  step 14700  train 0.8961 (ppl 2.45)  val 0.9236 (ppl 2.52)  best 0.9236@14700 (0/20)
[train] step 14700  loss 0.8831  lr 7.86e-05  grad 0.50  tok/s 256,924
[train] step 14750  loss 0.9208  lr 7.77e-05  grad 0.50  tok/s 277,725
[eval]  step 14800  train 0.8957 (ppl 2.45)  val 0.9452 (ppl 2.57)  best 0.9236@14700 (1/20)
[train] step 14800  loss 0.9729  lr 7.69e-05  grad 0.57  tok/s 261,157
[train] step 14850  loss 0.8689  lr 7.61e-05  grad 0.50  tok/s 279,226
[eval]  step 14900  train 0.8922 (ppl 2.44)  val 0.9323 (ppl 2.54)  best 0.9236@14700 (2/20)
[train] step 14900  loss 0.9162  lr 7.52e-05  grad 0.53  tok/s 260,506
[train] step 14950  loss 0.9560  lr 7.44e-05  grad 0.54  tok/s 278,269
[eval]  step 15000  train 0.8901 (ppl 2.44)  val 0.9415 (ppl 2.56)  best 0.9236@14700 (3/20)
[train] step 15000  loss 0.9628  lr 7.36e-05  grad 0.54  tok/s 260,387
[train] step 15050  loss 0.8463  lr 7.27e-05  grad 0.49  tok/s 279,603
[eval]  step 15100  train 0.8959 (ppl 2.45)  val 0.9534 (ppl 2.59)  best 0.9236@14700 (4/20)
[train] step 15100  loss 0.9184  lr 7.19e-05  grad 0.51  tok/s 261,618
[train] step 15150  loss 0.8878  lr 7.11e-05  grad 0.51  tok/s 279,310
[eval]  step 15200  train 0.8906 (ppl 2.44)  val 0.9570 (ppl 2.60)  best 0.9236@14700 (5/20)
[train] step 15200  loss 0.8925  lr 7.03e-05  grad 0.53  tok/s 260,479
[train] step 15250  loss 0.8722  lr 6.95e-05  grad 0.51  tok/s 277,435
[eval]  step 15300  train 0.8902 (ppl 2.44)  val 0.9418 (ppl 2.56)  best 0.9236@14700 (6/20)
[train] step 15300  loss 0.9236  lr 6.88e-05  grad 0.55  tok/s 259,502
[train] step 15350  loss 0.9021  lr 6.80e-05  grad 0.55  tok/s 279,005
[eval]  step 15400  train 0.8915 (ppl 2.44)  val 0.9382 (ppl 2.56)  best 0.9236@14700 (7/20)
[train] step 15400  loss 0.8989  lr 6.72e-05  grad 0.52  tok/s 260,035
[train] step 15450  loss 0.9118  lr 6.64e-05  grad 0.54  tok/s 278,554
[eval]  step 15500  train 0.8997 (ppl 2.46)  val 0.9345 (ppl 2.55)  best 0.9236@14700 (8/20)
[train] step 15500  loss 0.8843  lr 6.57e-05  grad 0.52  tok/s 259,836
[train] step 15550  loss 0.8882  lr 6.49e-05  grad 0.52  tok/s 278,560
[eval]  step 15600  train 0.8803 (ppl 2.41)  val 0.9420 (ppl 2.57)  best 0.9236@14700 (9/20)
[train] step 15600  loss 0.9157  lr 6.42e-05  grad 0.52  tok/s 261,197
[train] step 15650  loss 0.8755  lr 6.34e-05  grad 0.55  tok/s 279,451
[eval]  step 15700  train 0.8916 (ppl 2.44)  val 0.9306 (ppl 2.54)  best 0.9236@14700 (10/20)
[train] step 15700  loss 0.8177  lr 6.27e-05  grad 0.51  tok/s 260,614
[train] step 15750  loss 0.8767  lr 6.20e-05  grad 0.52  tok/s 278,676
[eval]  step 15800  train 0.8868 (ppl 2.43)  val 0.9450 (ppl 2.57)  best 0.9236@14700 (11/20)
[train] step 15800  loss 0.8773  lr 6.13e-05  grad 0.54  tok/s 260,023
[train] step 15850  loss 0.9034  lr 6.06e-05  grad 0.52  tok/s 277,812
[eval]  step 15900  train 0.8886 (ppl 2.43)  val 0.9439 (ppl 2.57)  best 0.9236@14700 (12/20)
[train] step 15900  loss 0.8875  lr 5.99e-05  grad 0.53  tok/s 260,742
[train] step 15950  loss 0.9117  lr 5.92e-05  grad 0.55  tok/s 278,696
[eval]  step 16000  train 0.8840 (ppl 2.42)  val 0.9276 (ppl 2.53)  best 0.9236@14700 (13/20)
[train] step 16000  loss 0.9193  lr 5.85e-05  grad 0.51  tok/s 259,810
[train] step 16050  loss 0.8425  lr 5.78e-05  grad 0.49  tok/s 277,370
[eval]  step 16100  train 0.8849 (ppl 2.42)  val 0.9423 (ppl 2.57)  best 0.9236@14700 (14/20)
[train] step 16100  loss 0.9115  lr 5.71e-05  grad 0.55  tok/s 256,940
[train] step 16150  loss 0.8713  lr 5.64e-05  grad 0.55  tok/s 277,868
[eval]  step 16200  train 0.8691 (ppl 2.38)  val 0.9433 (ppl 2.57)  best 0.9236@14700 (15/20)
[train] step 16200  loss 0.9090  lr 5.58e-05  grad 0.55  tok/s 260,688
[train] step 16250  loss 0.8872  lr 5.51e-05  grad 0.53  tok/s 279,201
[eval]  step 16300  train 0.8896 (ppl 2.43)  val 0.9361 (ppl 2.55)  best 0.9236@14700 (16/20)
[train] step 16300  loss 0.9084  lr 5.45e-05  grad 0.53  tok/s 260,131
[train] step 16350  loss 0.8224  lr 5.38e-05  grad 0.52  tok/s 278,574
[eval]  step 16400  train 0.8569 (ppl 2.36)  val 0.9407 (ppl 2.56)  best 0.9236@14700 (17/20)
[train] step 16400  loss 0.9139  lr 5.32e-05  grad 0.53  tok/s 260,636
[train] step 16450  loss 0.9120  lr 5.26e-05  grad 0.54  tok/s 279,046
[eval]  step 16500  train 0.8824 (ppl 2.42)  val 0.9456 (ppl 2.57)  best 0.9236@14700 (18/20)
[train] step 16500  loss 0.8531  lr 5.20e-05  grad 0.50  tok/s 260,986
[train] step 16550  loss 0.8829  lr 5.14e-05  grad 0.55  tok/s 277,983
[eval]  step 16600  train 0.8872 (ppl 2.43)  val 0.9450 (ppl 2.57)  best 0.9236@14700 (19/20)
[train] step 16600  loss 0.9135  lr 5.08e-05  grad 0.53  tok/s 260,336
[train] step 16650  loss 0.8866  lr 5.02e-05  grad 0.53  tok/s 278,634
[eval]  step 16700  train 0.8860 (ppl 2.43)  val 0.9251 (ppl 2.52)  best 0.9236@14700 (20/20)
[stop]  early-stop at step 16700: val hasn't improved in 20 evals (best 0.9236@14700)
[done] saved /home/ubuntu/mini-deepseek-v4/runs/stage-e-v3-vanilla-1k/final.pt  total 2032.7s  best_val=0.9236@step14700  (early-stop)
[final] reloaded best.pt from step 14700
[final] val: loss 0.9433  bpc 1.3608  ppl 2.57  (n_pos 4,999,168, windows 4882)
[final] test: loss 0.9274  bpc 1.3379  ppl 2.53  (n_pos 4,999,168, windows 4882)
=== 04:47:32 finished stage-e-v3-vanilla-1k ===
=== 04:47:32 launching stage-e-v3-csa-1k ===
[setup] device=cuda
[data]  enwiki8  vocab=205, train=90,000,000 tokens, val=5,000,000, test=5,000,000
[model] csa, params=10,331,904 (excl emb=9,859,968)
[run]   logging to /home/ubuntu/mini-deepseek-v4/runs/stage-e-v3-csa-1k
[opt]   amp=bf16, grad_accum_steps=4, effective_batch=32
[eval]  step     0  train 5.2726 (ppl 194.93)  val 5.2746 (ppl 195.32)  val(topk) 5.2789 (ppl 196.15)  L_I 0.0518  best 5.2746@0 (0/20)
[train] step    50  loss 5.2751  L_I 0.0471  phase 1  lr 1.53e-05  grad 0.09  tok/s 129,042
[eval]  step   100  train 5.2694 (ppl 194.30)  val 5.2767 (ppl 195.72)  val(topk) 5.2838 (ppl 197.11)  L_I 0.0386  best 5.2746@0 (1/20)
[train] step   100  loss 5.2627  L_I 0.0389  phase 1  lr 3.03e-05  grad 0.06  tok/s 125,478
[train] step   150  loss 5.2730  L_I 0.0332  phase 1  lr 4.53e-05  grad 0.05  tok/s 167,563
[eval]  step   200  train 5.2748 (ppl 195.36)  val 5.2804 (ppl 196.45)  val(topk) 5.2844 (ppl 197.24)  L_I 0.0296  best 5.2746@0 (2/20)
[train] step   200  loss 5.2817  L_I 0.0304  phase 1  lr 6.03e-05  grad 0.03  tok/s 125,290
[train] step   250  loss 5.2753  L_I 0.0268  phase 1  lr 7.53e-05  grad 0.04  tok/s 167,887
[eval]  step   300  train 5.2758 (ppl 195.55)  val 5.2727 (ppl 194.94)  val(topk) 5.2760 (ppl 195.58)  L_I 0.0249  best 5.2727@300 (0/20)
[train] step   300  loss 5.2666  L_I 0.0247  phase 1  lr 9.03e-05  grad 0.05  tok/s 123,466
[train] step   350  loss 5.2794  L_I 0.0233  phase 1  lr 1.05e-04  grad 0.05  tok/s 167,126
[eval]  step   400  train 5.2755 (ppl 195.49)  val 5.2755 (ppl 195.49)  val(topk) 5.2781 (ppl 196.00)  L_I 0.0209  best 5.2727@300 (1/20)
[train] step   400  loss 5.2688  L_I 0.0211  phase 1  lr 1.20e-04  grad 0.03  tok/s 124,403
[train] step   450  loss 5.2781  L_I 0.0189  phase 1  lr 1.35e-04  grad 0.04  tok/s 167,357
[eval]  step   500  train 5.2739 (ppl 195.17)  val 5.2750 (ppl 195.40)  val(topk) 5.2776 (ppl 195.89)  L_I 0.0181  best 5.2727@300 (2/20)
[train] step   500  loss 5.2790  L_I 0.0174  phase 1  lr 1.50e-04  grad 0.03  tok/s 125,297
[train] step   550  loss 5.2632  L_I 0.0168  phase 1  lr 1.65e-04  grad 0.04  tok/s 168,356
[eval]  step   600  train 5.2764 (ppl 195.66)  val 5.2766 (ppl 195.71)  val(topk) 5.2800 (ppl 196.36)  L_I 0.0163  best 5.2727@300 (3/20)
[train] step   600  loss 5.2632  L_I 0.0157  phase 1  lr 1.80e-04  grad 0.04  tok/s 125,198
[train] step   650  loss 5.2810  L_I 0.0151  phase 1  lr 1.95e-04  grad 0.03  tok/s 167,112
[eval]  step   700  train 5.2708 (ppl 194.58)  val 5.2764 (ppl 195.66)  val(topk) 5.2795 (ppl 196.27)  L_I 0.0151  best 5.2727@300 (4/20)
[train] step   700  loss 5.2558  L_I 0.0141  phase 1  lr 2.10e-04  grad 0.04  tok/s 125,346
[train] step   750  loss 5.2779  L_I 0.0148  phase 1  lr 2.25e-04  grad 0.03  tok/s 167,036
[eval]  step   800  train 5.2769 (ppl 195.76)  val 5.2747 (ppl 195.34)  val(topk) 5.2772 (ppl 195.82)  L_I 0.0141  best 5.2727@300 (5/20)
[train] step   800  loss 5.2703  L_I 0.0141  phase 1  lr 2.40e-04  grad 0.03  tok/s 125,107
[train] step   850  loss 5.2704  L_I 0.0142  phase 1  lr 2.55e-04  grad 0.03  tok/s 167,325
[eval]  step   900  train 5.2746 (ppl 195.31)  val 5.2782 (ppl 196.02)  val(topk) 5.2820 (ppl 196.75)  L_I 0.0139  best 5.2727@300 (6/20)
[train] step   900  loss 5.2671  L_I 0.0129  phase 1  lr 2.70e-04  grad 0.05  tok/s 125,273
[train] step   950  loss 5.2790  L_I 0.0140  phase 1  lr 2.85e-04  grad 0.03  tok/s 167,438
[eval]  step  1000  train 5.2740 (ppl 195.20)  val 5.2771 (ppl 195.80)  val(topk) 5.2797 (ppl 196.30)  L_I 0.0134  best 5.2727@300 (7/20)
[train] step  1000  loss 5.2932  L_I 0.0142  phase 2  lr 3.00e-04  grad 8.18  tok/s 122,949
[train] step  1050  loss 2.8886  L_I 0.0550  phase 2  lr 3.00e-04  grad 0.59  tok/s 112,862
[eval]  step  1100  train 2.6667 (ppl 14.39)  val 2.6793 (ppl 14.58)  val(topk) 2.6891 (ppl 14.72)  L_I 0.0567  best 2.6793@1100 (0/20)
[train] step  1100  loss 2.6713  L_I 0.0601  phase 2  lr 3.00e-04  grad 0.58  tok/s 91,588
[train] step  1150  loss 2.6236  L_I 0.0607  phase 2  lr 3.00e-04  grad 0.61  tok/s 113,131
[eval]  step  1200  train 2.5532 (ppl 12.85)  val 2.5550 (ppl 12.87)  val(topk) 2.5623 (ppl 12.97)  L_I 0.0623  best 2.5550@1200 (0/20)
[train] step  1200  loss 2.5455  L_I 0.0596  phase 2  lr 3.00e-04  grad 0.72  tok/s 91,267
[train] step  1250  loss 2.5442  L_I 0.0574  phase 2  lr 3.00e-04  grad 0.56  tok/s 113,616
[eval]  step  1300  train 2.4664 (ppl 11.78)  val 2.5044 (ppl 12.24)  val(topk) 2.5093 (ppl 12.30)  L_I 0.0467  best 2.5044@1300 (0/20)
[train] step  1300  loss 2.4643  L_I 0.0499  phase 2  lr 3.00e-04  grad 0.62  tok/s 91,828
[train] step  1350  loss 2.4475  L_I 0.0516  phase 2  lr 3.00e-04  grad 0.58  tok/s 112,945
[eval]  step  1400  train 2.4062 (ppl 11.09)  val 2.4422 (ppl 11.50)  val(topk) 2.4516 (ppl 11.61)  L_I 0.0440  best 2.4422@1400 (0/20)
[train] step  1400  loss 2.4369  L_I 0.0389  phase 2  lr 3.00e-04  grad 0.57  tok/s 90,760
[train] step  1450  loss 2.4024  L_I 0.0456  phase 2  lr 3.00e-04  grad 0.65  tok/s 112,212
[eval]  step  1500  train 2.3634 (ppl 10.63)  val 2.3737 (ppl 10.74)  val(topk) 2.3849 (ppl 10.86)  L_I 0.0418  best 2.3737@1500 (0/20)
[train] step  1500  loss 2.4039  L_I 0.0404  phase 2  lr 3.00e-04  grad 0.60  tok/s 91,466
[train] step  1550  loss 2.3116  L_I 0.0432  phase 2  lr 2.99e-04  grad 0.63  tok/s 112,704
[eval]  step  1600  train 2.2937 (ppl 9.91)  val 2.3276 (ppl 10.25)  val(topk) 2.3477 (ppl 10.46)  L_I 0.0480  best 2.3276@1600 (0/20)
[train] step  1600  loss 2.2733  L_I 0.0497  phase 2  lr 2.99e-04  grad 0.67  tok/s 91,174
[train] step  1650  loss 2.2989  L_I 0.0513  phase 2  lr 2.99e-04  grad 0.79  tok/s 112,617
[eval]  step  1700  train 2.2199 (ppl 9.21)  val 2.2555 (ppl 9.54)  val(topk) 2.3000 (ppl 9.97)  L_I 0.0427  best 2.2555@1700 (0/20)
[train] step  1700  loss 2.1619  L_I 0.0439  phase 2  lr 2.99e-04  grad 0.63  tok/s 91,233
[train] step  1750  loss 2.2283  L_I 0.0385  phase 2  lr 2.99e-04  grad 0.72  tok/s 112,685
[eval]  step  1800  train 2.2024 (ppl 9.05)  val 2.1929 (ppl 8.96)  val(topk) 2.2513 (ppl 9.50)  L_I 0.0414  best 2.1929@1800 (0/20)
[train] step  1800  loss 2.2240  L_I 0.0412  phase 2  lr 2.99e-04  grad 0.85  tok/s 91,112
[train] step  1850  loss 2.2071  L_I 0.0438  phase 2  lr 2.99e-04  grad 0.74  tok/s 112,716
[eval]  step  1900  train 2.1316 (ppl 8.43)  val 2.1498 (ppl 8.58)  val(topk) 2.2163 (ppl 9.17)  L_I 0.0430  best 2.1498@1900 (0/20)
[train] step  1900  loss 2.0440  L_I 0.0464  phase 2  lr 2.99e-04  grad 0.75  tok/s 90,780
[train] step  1950  loss 2.0942  L_I 0.0467  phase 2  lr 2.98e-04  grad 0.75  tok/s 112,042
[eval]  step  2000  train 2.1113 (ppl 8.26)  val 2.0961 (ppl 8.13)  val(topk) 2.1940 (ppl 8.97)  L_I 0.0464  best 2.0961@2000 (0/20)
[train] step  2000  loss 2.1536  L_I 0.0454  phase 2  lr 2.98e-04  grad 0.93  tok/s 91,084
[train] step  2050  loss 1.9219  L_I 0.0503  phase 2  lr 2.98e-04  grad 0.85  tok/s 111,972
[eval]  step  2100  train 1.9969 (ppl 7.37)  val 2.0370 (ppl 7.67)  val(topk) 2.1581 (ppl 8.65)  L_I 0.0477  best 2.0370@2100 (0/20)
[train] step  2100  loss 1.9425  L_I 0.0494  phase 2  lr 2.98e-04  grad 0.82  tok/s 91,423
[train] step  2150  loss 1.9659  L_I 0.0464  phase 2  lr 2.98e-04  grad 0.95  tok/s 112,961
[eval]  step  2200  train 1.9351 (ppl 6.92)  val 1.9591 (ppl 7.09)  val(topk) 2.1017 (ppl 8.18)  L_I 0.0465  best 1.9591@2200 (0/20)
[train] step  2200  loss 1.9206  L_I 0.0478  phase 2  lr 2.97e-04  grad 0.79  tok/s 91,728
[train] step  2250  loss 1.8981  L_I 0.0501  phase 2  lr 2.97e-04  grad 0.84  tok/s 112,998
[eval]  step  2300  train 1.8936 (ppl 6.64)  val 1.9314 (ppl 6.90)  val(topk) 2.0714 (ppl 7.94)  L_I 0.0482  best 1.9314@2300 (0/20)
[train] step  2300  loss 1.8565  L_I 0.0515  phase 2  lr 2.97e-04  grad 0.83  tok/s 91,905
[train] step  2350  loss 1.8697  L_I 0.0475  phase 2  lr 2.97e-04  grad 0.84  tok/s 113,009
[eval]  step  2400  train 1.8742 (ppl 6.52)  val 1.8654 (ppl 6.46)  val(topk) 2.0281 (ppl 7.60)  L_I 0.0484  best 1.8654@2400 (0/20)
[train] step  2400  loss 1.8702  L_I 0.0483  phase 2  lr 2.96e-04  grad 0.88  tok/s 91,196
[train] step  2450  loss 1.8355  L_I 0.0500  phase 2  lr 2.96e-04  grad 0.82  tok/s 112,455
[eval]  step  2500  train 1.8344 (ppl 6.26)  val 1.8226 (ppl 6.19)  val(topk) 2.0121 (ppl 7.48)  L_I 0.0514  best 1.8226@2500 (0/20)
[train] step  2500  loss 1.8096  L_I 0.0530  phase 2  lr 2.96e-04  grad 0.90  tok/s 91,109
[train] step  2550  loss 1.8081  L_I 0.0510  phase 2  lr 2.96e-04  grad 0.86  tok/s 112,988
[eval]  step  2600  train 1.7803 (ppl 5.93)  val 1.8049 (ppl 6.08)  val(topk) 1.9971 (ppl 7.37)  L_I 0.0503  best 1.8049@2600 (0/20)
[train] step  2600  loss 1.7853  L_I 0.0498  phase 2  lr 2.95e-04  grad 0.79  tok/s 91,120
[train] step  2650  loss 1.8551  L_I 0.0479  phase 2  lr 2.95e-04  grad 0.82  tok/s 113,168
[eval]  step  2700  train 1.7858 (ppl 5.96)  val 1.7620 (ppl 5.82)  val(topk) 1.9543 (ppl 7.06)  L_I 0.0513  best 1.7620@2700 (0/20)
[train] step  2700  loss 1.7407  L_I 0.0532  phase 2  lr 2.95e-04  grad 0.77  tok/s 91,276
[train] step  2750  loss 1.7985  L_I 0.0456  phase 2  lr 2.94e-04  grad 0.83  tok/s 112,686
[eval]  step  2800  train 1.7186 (ppl 5.58)  val 1.7476 (ppl 5.74)  val(topk) 1.9409 (ppl 6.97)  L_I 0.0479  best 1.7476@2800 (0/20)
[train] step  2800  loss 1.8027  L_I 0.0461  phase 2  lr 2.94e-04  grad 0.76  tok/s 91,099
[train] step  2850  loss 1.6605  L_I 0.0508  phase 2  lr 2.94e-04  grad 0.74  tok/s 112,130
[eval]  step  2900  train 1.7188 (ppl 5.58)  val 1.7297 (ppl 5.64)  val(topk) 1.9438 (ppl 6.99)  L_I 0.0500  best 1.7297@2900 (0/20)
[train] step  2900  loss 1.7049  L_I 0.0517  phase 2  lr 2.93e-04  grad 0.78  tok/s 91,526
[train] step  2950  loss 1.7644  L_I 0.0505  phase 2  lr 2.93e-04  grad 0.75  tok/s 113,334
[eval]  step  3000  train 1.7049 (ppl 5.50)  val 1.7161 (ppl 5.56)  val(topk) 1.9340 (ppl 6.92)  L_I 0.0501  best 1.7161@3000 (0/20)
[train] step  3000  loss 1.6448  L_I 0.0516  phase 2  lr 2.93e-04  grad 0.70  tok/s 91,398
[train] step  3050  loss 1.6776  L_I 0.0508  phase 2  lr 2.92e-04  grad 0.72  tok/s 111,725
[eval]  step  3100  train 1.6884 (ppl 5.41)  val 1.6859 (ppl 5.40)  val(topk) 1.9010 (ppl 6.69)  L_I 0.0515  best 1.6859@3100 (0/20)
[train] step  3100  loss 1.6235  L_I 0.0523  phase 2  lr 2.92e-04  grad 0.69  tok/s 90,805
[train] step  3150  loss 1.6960  L_I 0.0550  phase 2  lr 2.92e-04  grad 0.74  tok/s 111,509
[eval]  step  3200  train 1.6581 (ppl 5.25)  val 1.6746 (ppl 5.34)  val(topk) 1.8994 (ppl 6.68)  L_I 0.0482  best 1.6746@3200 (0/20)
[train] step  3200  loss 1.6438  L_I 0.0494  phase 2  lr 2.91e-04  grad 0.69  tok/s 91,115
[train] step  3250  loss 1.6523  L_I 0.0526  phase 2  lr 2.91e-04  grad 0.78  tok/s 112,175
[eval]  step  3300  train 1.6417 (ppl 5.16)  val 1.6594 (ppl 5.26)  val(topk) 1.8892 (ppl 6.61)  L_I 0.0505  best 1.6594@3300 (0/20)
[train] step  3300  loss 1.6219  L_I 0.0516  phase 2  lr 2.90e-04  grad 0.70  tok/s 90,817
[train] step  3350  loss 1.5746  L_I 0.0526  phase 2  lr 2.90e-04  grad 0.67  tok/s 112,340
[eval]  step  3400  train 1.6433 (ppl 5.17)  val 1.6327 (ppl 5.12)  val(topk) 1.8811 (ppl 6.56)  L_I 0.0520  best 1.6327@3400 (0/20)
[train] step  3400  loss 1.6950  L_I 0.0486  phase 2  lr 2.90e-04  grad 0.72  tok/s 90,758
[train] step  3450  loss 1.6240  L_I 0.0515  phase 2  lr 2.89e-04  grad 0.71  tok/s 112,078
[eval]  step  3500  train 1.6171 (ppl 5.04)  val 1.6466 (ppl 5.19)  val(topk) 1.8876 (ppl 6.60)  L_I 0.0500  best 1.6327@3400 (1/20)
[train] step  3500  loss 1.6036  L_I 0.0497  phase 2  lr 2.89e-04  grad 0.66  tok/s 91,843
[train] step  3550  loss 1.6147  L_I 0.0491  phase 2  lr 2.88e-04  grad 0.69  tok/s 113,013
[eval]  step  3600  train 1.6112 (ppl 5.01)  val 1.6299 (ppl 5.10)  val(topk) 1.8906 (ppl 6.62)  L_I 0.0520  best 1.6299@3600 (0/20)
[train] step  3600  loss 1.6473  L_I 0.0513  phase 2  lr 2.88e-04  grad 0.69  tok/s 91,440
[train] step  3650  loss 1.4990  L_I 0.0541  phase 2  lr 2.87e-04  grad 0.65  tok/s 112,776
[eval]  step  3700  train 1.6057 (ppl 4.98)  val 1.5860 (ppl 4.88)  val(topk) 1.8508 (ppl 6.36)  L_I 0.0524  best 1.5860@3700 (0/20)
[train] step  3700  loss 1.5503  L_I 0.0512  phase 2  lr 2.87e-04  grad 0.61  tok/s 91,321
[train] step  3750  loss 1.5839  L_I 0.0544  phase 2  lr 2.86e-04  grad 0.66  tok/s 112,290
[eval]  step  3800  train 1.6074 (ppl 4.99)  val 1.6168 (ppl 5.04)  val(topk) 1.8737 (ppl 6.51)  L_I 0.0539  best 1.5860@3700 (1/20)
[train] step  3800  loss 1.5448  L_I 0.0513  phase 2  lr 2.86e-04  grad 0.72  tok/s 91,831
[train] step  3850  loss 1.5526  L_I 0.0535  phase 2  lr 2.85e-04  grad 0.63  tok/s 113,537
[eval]  step  3900  train 1.5883 (ppl 4.90)  val 1.6046 (ppl 4.98)  val(topk) 1.8602 (ppl 6.43)  L_I 0.0514  best 1.5860@3700 (2/20)
[train] step  3900  loss 1.5997  L_I 0.0502  phase 2  lr 2.85e-04  grad 0.66  tok/s 92,239
[train] step  3950  loss 1.6117  L_I 0.0502  phase 2  lr 2.84e-04  grad 0.63  tok/s 113,290
[eval]  step  4000  train 1.5781 (ppl 4.85)  val 1.5906 (ppl 4.91)  val(topk) 1.8649 (ppl 6.46)  L_I 0.0537  best 1.5860@3700 (3/20)
[train] step  4000  loss 1.5988  L_I 0.0535  phase 2  lr 2.84e-04  grad 0.67  tok/s 92,078
[train] step  4050  loss 1.5838  L_I 0.0510  phase 2  lr 2.83e-04  grad 0.68  tok/s 113,037
[eval]  step  4100  train 1.5831 (ppl 4.87)  val 1.5732 (ppl 4.82)  val(topk) 1.8357 (ppl 6.27)  L_I 0.0514  best 1.5732@4100 (0/20)
[train] step  4100  loss 1.6478  L_I 0.0505  phase 2  lr 2.83e-04  grad 0.59  tok/s 91,505
[train] step  4150  loss 1.6131  L_I 0.0488  phase 2  lr 2.82e-04  grad 0.60  tok/s 112,105
[eval]  step  4200  train 1.5550 (ppl 4.74)  val 1.5590 (ppl 4.75)  val(topk) 1.8273 (ppl 6.22)  L_I 0.0546  best 1.5590@4200 (0/20)
[train] step  4200  loss 1.5938  L_I 0.0541  phase 2  lr 2.82e-04  grad 0.63  tok/s 91,171
[train] step  4250  loss 1.6311  L_I 0.0498  phase 2  lr 2.81e-04  grad 0.63  tok/s 112,623
[eval]  step  4300  train 1.5219 (ppl 4.58)  val 1.5470 (ppl 4.70)  val(topk) 1.8230 (ppl 6.19)  L_I 0.0541  best 1.5470@4300 (0/20)
[train] step  4300  loss 1.5452  L_I 0.0516  phase 2  lr 2.80e-04  grad 0.59  tok/s 91,464
[train] step  4350  loss 1.5264  L_I 0.0526  phase 2  lr 2.80e-04  grad 0.59  tok/s 112,547
[eval]  step  4400  train 1.5280 (ppl 4.61)  val 1.5592 (ppl 4.75)  val(topk) 1.8445 (ppl 6.33)  L_I 0.0526  best 1.5470@4300 (1/20)
[train] step  4400  loss 1.4964  L_I 0.0505  phase 2  lr 2.79e-04  grad 0.60  tok/s 91,491
[train] step  4450  loss 1.5368  L_I 0.0516  phase 2  lr 2.79e-04  grad 0.59  tok/s 113,108
[eval]  step  4500  train 1.5239 (ppl 4.59)  val 1.5611 (ppl 4.76)  val(topk) 1.8221 (ppl 6.18)  L_I 0.0530  best 1.5470@4300 (2/20)
[train] step  4500  loss 1.5441  L_I 0.0554  phase 2  lr 2.78e-04  grad 0.62  tok/s 91,867
[train] step  4550  loss 1.4794  L_I 0.0526  phase 2  lr 2.77e-04  grad 0.59  tok/s 112,856
[eval]  step  4600  train 1.5630 (ppl 4.77)  val 1.5581 (ppl 4.75)  val(topk) 1.8285 (ppl 6.22)  L_I 0.0520  best 1.5470@4300 (3/20)
[train] step  4600  loss 1.5479  L_I 0.0509  phase 2  lr 2.77e-04  grad 0.61  tok/s 91,118
[train] step  4650  loss 1.6044  L_I 0.0546  phase 2  lr 2.76e-04  grad 0.64  tok/s 113,172
[eval]  step  4700  train 1.5500 (ppl 4.71)  val 1.5520 (ppl 4.72)  val(topk) 1.8484 (ppl 6.35)  L_I 0.0544  best 1.5470@4300 (4/20)
[train] step  4700  loss 1.5815  L_I 0.0588  phase 2  lr 2.76e-04  grad 0.60  tok/s 91,721
[train] step  4750  loss 1.6207  L_I 0.0548  phase 2  lr 2.75e-04  grad 0.62  tok/s 112,922
[eval]  step  4800  train 1.5065 (ppl 4.51)  val 1.5300 (ppl 4.62)  val(topk) 1.8097 (ppl 6.11)  L_I 0.0542  best 1.5300@4800 (0/20)
[train] step  4800  loss 1.5385  L_I 0.0531  phase 2  lr 2.74e-04  grad 0.57  tok/s 90,643
[train] step  4850  loss 1.6136  L_I 0.0520  phase 2  lr 2.74e-04  grad 0.62  tok/s 111,794
[eval]  step  4900  train 1.5199 (ppl 4.57)  val 1.5196 (ppl 4.57)  val(topk) 1.8153 (ppl 6.14)  L_I 0.0540  best 1.5196@4900 (0/20)
[train] step  4900  loss 1.5572  L_I 0.0529  phase 2  lr 2.73e-04  grad 0.58  tok/s 90,473
[train] step  4950  loss 1.5525  L_I 0.0541  phase 2  lr 2.72e-04  grad 0.57  tok/s 112,565
[eval]  step  5000  train 1.5224 (ppl 4.58)  val 1.5175 (ppl 4.56)  val(topk) 1.8094 (ppl 6.11)  L_I 0.0527  best 1.5175@5000 (0/20)
[train] step  5000  loss 1.5082  L_I 0.0543  phase 2  lr 2.72e-04  grad 0.59  tok/s 90,466
[train] step  5050  loss 1.4489  L_I 0.0555  phase 2  lr 2.71e-04  grad 0.60  tok/s 112,016
[eval]  step  5100  train 1.4971 (ppl 4.47)  val 1.5401 (ppl 4.66)  val(topk) 1.8276 (ppl 6.22)  L_I 0.0547  best 1.5175@5000 (1/20)
[train] step  5100  loss 1.5308  L_I 0.0548  phase 2  lr 2.70e-04  grad 0.58  tok/s 90,322
[train] step  5150  loss 1.4907  L_I 0.0547  phase 2  lr 2.69e-04  grad 0.56  tok/s 113,575
[eval]  step  5200  train 1.4760 (ppl 4.38)  val 1.5349 (ppl 4.64)  val(topk) 1.8213 (ppl 6.18)  L_I 0.0550  best 1.5175@5000 (2/20)
[train] step  5200  loss 1.5070  L_I 0.0549  phase 2  lr 2.69e-04  grad 0.61  tok/s 91,124
[train] step  5250  loss 1.6118  L_I 0.0495  phase 2  lr 2.68e-04  grad 0.57  tok/s 112,882
[eval]  step  5300  train 1.5014 (ppl 4.49)  val 1.5400 (ppl 4.66)  val(topk) 1.8378 (ppl 6.28)  L_I 0.0522  best 1.5175@5000 (3/20)
[train] step  5300  loss 1.5623  L_I 0.0494  phase 2  lr 2.67e-04  grad 0.57  tok/s 91,763
[train] step  5350  loss 1.5184  L_I 0.0544  phase 2  lr 2.67e-04  grad 0.57  tok/s 112,967
[eval]  step  5400  train 1.5010 (ppl 4.49)  val 1.5097 (ppl 4.53)  val(topk) 1.7944 (ppl 6.02)  L_I 0.0527  best 1.5097@5400 (0/20)
[train] step  5400  loss 1.5575  L_I 0.0514  phase 2  lr 2.66e-04  grad 0.54  tok/s 90,767
[train] step  5450  loss 1.4619  L_I 0.0529  phase 2  lr 2.65e-04  grad 0.55  tok/s 112,519
[eval]  step  5500  train 1.4861 (ppl 4.42)  val 1.5085 (ppl 4.52)  val(topk) 1.7974 (ppl 6.03)  L_I 0.0539  best 1.5085@5500 (0/20)
[train] step  5500  loss 1.5153  L_I 0.0562  phase 2  lr 2.64e-04  grad 0.57  tok/s 91,030
[train] step  5550  loss 1.4900  L_I 0.0563  phase 2  lr 2.64e-04  grad 0.56  tok/s 112,495
[eval]  step  5600  train 1.4936 (ppl 4.45)  val 1.5022 (ppl 4.49)  val(topk) 1.8382 (ppl 6.29)  L_I 0.0523  best 1.5022@5600 (0/20)
[train] step  5600  loss 1.5719  L_I 0.0500  phase 2  lr 2.63e-04  grad 0.52  tok/s 91,328
[train] step  5650  loss 1.4323  L_I 0.0518  phase 2  lr 2.62e-04  grad 0.56  tok/s 112,361
[eval]  step  5700  train 1.4775 (ppl 4.38)  val 1.5229 (ppl 4.59)  val(topk) 1.8188 (ppl 6.16)  L_I 0.0541  best 1.5022@5600 (1/20)
[train] step  5700  loss 1.3346  L_I 0.0589  phase 2  lr 2.61e-04  grad 0.56  tok/s 91,538
[train] step  5750  loss 1.4601  L_I 0.0515  phase 2  lr 2.60e-04  grad 0.57  tok/s 113,735
[eval]  step  5800  train 1.4982 (ppl 4.47)  val 1.5006 (ppl 4.48)  val(topk) 1.7942 (ppl 6.01)  L_I 0.0538  best 1.5006@5800 (0/20)
[train] step  5800  loss 1.4584  L_I 0.0549  phase 2  lr 2.60e-04  grad 0.59  tok/s 91,168
[train] step  5850  loss 1.5396  L_I 0.0527  phase 2  lr 2.59e-04  grad 0.59  tok/s 112,680
[eval]  step  5900  train 1.4736 (ppl 4.37)  val 1.5090 (ppl 4.52)  val(topk) 1.8033 (ppl 6.07)  L_I 0.0522  best 1.5006@5800 (1/20)
[train] step  5900  loss 1.4813  L_I 0.0511  phase 2  lr 2.58e-04  grad 0.62  tok/s 91,864
[train] step  5950  loss 1.5770  L_I 0.0531  phase 2  lr 2.57e-04  grad 0.53  tok/s 113,556
[eval]  step  6000  train 1.4899 (ppl 4.44)  val 1.4833 (ppl 4.41)  val(topk) 1.7987 (ppl 6.04)  L_I 0.0545  best 1.4833@6000 (0/20)
[train] step  6000  loss 1.5032  L_I 0.0555  phase 2  lr 2.56e-04  grad 0.60  tok/s 91,689
[train] step  6050  loss 1.4715  L_I 0.0545  phase 2  lr 2.56e-04  grad 0.58  tok/s 112,357
[eval]  step  6100  train 1.4941 (ppl 4.46)  val 1.4973 (ppl 4.47)  val(topk) 1.8036 (ppl 6.07)  L_I 0.0527  best 1.4833@6000 (1/20)
[train] step  6100  loss 1.4773  L_I 0.0536  phase 2  lr 2.55e-04  grad 0.56  tok/s 91,876
[train] step  6150  loss 1.4945  L_I 0.0521  phase 2  lr 2.54e-04  grad 0.60  tok/s 113,427
[eval]  step  6200  train 1.4670 (ppl 4.34)  val 1.4867 (ppl 4.42)  val(topk) 1.7885 (ppl 5.98)  L_I 0.0546  best 1.4833@6000 (2/20)
[train] step  6200  loss 1.4943  L_I 0.0581  phase 2  lr 2.53e-04  grad 0.60  tok/s 91,923
[train] step  6250  loss 1.4909  L_I 0.0564  phase 2  lr 2.52e-04  grad 0.56  tok/s 113,226
[eval]  step  6300  train 1.4710 (ppl 4.35)  val 1.5050 (ppl 4.50)  val(topk) 1.8065 (ppl 6.09)  L_I 0.0542  best 1.4833@6000 (3/20)
[train] step  6300  loss 1.5022  L_I 0.0551  phase 2  lr 2.51e-04  grad 0.53  tok/s 91,429
[train] step  6350  loss 1.4891  L_I 0.0547  phase 2  lr 2.51e-04  grad 0.53  tok/s 113,601
[eval]  step  6400  train 1.4594 (ppl 4.30)  val 1.4746 (ppl 4.37)  val(topk) 1.8041 (ppl 6.07)  L_I 0.0535  best 1.4746@6400 (0/20)
[train] step  6400  loss 1.4741  L_I 0.0515  phase 2  lr 2.50e-04  grad 0.57  tok/s 91,548
[train] step  6450  loss 1.4997  L_I 0.0523  phase 2  lr 2.49e-04  grad 0.52  tok/s 113,077
[eval]  step  6500  train 1.4592 (ppl 4.30)  val 1.4658 (ppl 4.33)  val(topk) 1.7592 (ppl 5.81)  L_I 0.0536  best 1.4658@6500 (0/20)
[train] step  6500  loss 1.5443  L_I 0.0527  phase 2  lr 2.48e-04  grad 0.55  tok/s 90,990
[train] step  6550  loss 1.5134  L_I 0.0546  phase 2  lr 2.47e-04  grad 0.58  tok/s 111,887
[eval]  step  6600  train 1.4498 (ppl 4.26)  val 1.4975 (ppl 4.47)  val(topk) 1.8345 (ppl 6.26)  L_I 0.0544  best 1.4658@6500 (1/20)
[train] step  6600  loss 1.4600  L_I 0.0571  phase 2  lr 2.46e-04  grad 0.57  tok/s 91,875
[train] step  6650  loss 1.5084  L_I 0.0513  phase 2  lr 2.45e-04  grad 0.57  tok/s 113,198
[eval]  step  6700  train 1.4731 (ppl 4.36)  val 1.4803 (ppl 4.39)  val(topk) 1.8073 (ppl 6.09)  L_I 0.0547  best 1.4658@6500 (2/20)
[train] step  6700  loss 1.4605  L_I 0.0549  phase 2  lr 2.44e-04  grad 0.54  tok/s 91,618
[train] step  6750  loss 1.4302  L_I 0.0549  phase 2  lr 2.43e-04  grad 0.54  tok/s 112,068
[eval]  step  6800  train 1.4399 (ppl 4.22)  val 1.4668 (ppl 4.34)  val(topk) 1.7732 (ppl 5.89)  L_I 0.0546  best 1.4658@6500 (3/20)
[train] step  6800  loss 1.3591  L_I 0.0563  phase 2  lr 2.43e-04  grad 0.52  tok/s 91,816
[train] step  6850  loss 1.3953  L_I 0.0556  phase 2  lr 2.42e-04  grad 0.53  tok/s 113,507
[eval]  step  6900  train 1.4598 (ppl 4.30)  val 1.4815 (ppl 4.40)  val(topk) 1.7843 (ppl 5.96)  L_I 0.0537  best 1.4658@6500 (4/20)
[train] step  6900  loss 1.5161  L_I 0.0553  phase 2  lr 2.41e-04  grad 0.58  tok/s 91,732
[train] step  6950  loss 1.4217  L_I 0.0537  phase 2  lr 2.40e-04  grad 0.56  tok/s 112,745
[eval]  step  7000  train 1.4215 (ppl 4.14)  val 1.4706 (ppl 4.35)  val(topk) 1.7830 (ppl 5.95)  L_I 0.0533  best 1.4658@6500 (5/20)
[train] step  7000  loss 1.4042  L_I 0.0540  phase 2  lr 2.39e-04  grad 0.53  tok/s 91,309
[train] step  7050  loss 1.3909  L_I 0.0545  phase 2  lr 2.38e-04  grad 0.52  tok/s 113,043
[eval]  step  7100  train 1.4365 (ppl 4.21)  val 1.4620 (ppl 4.31)  val(topk) 1.7773 (ppl 5.91)  L_I 0.0543  best 1.4620@7100 (0/20)
[train] step  7100  loss 1.4797  L_I 0.0527  phase 2  lr 2.37e-04  grad 0.53  tok/s 91,128
[train] step  7150  loss 1.5044  L_I 0.0563  phase 2  lr 2.36e-04  grad 0.56  tok/s 111,860
[eval]  step  7200  train 1.4302 (ppl 4.18)  val 1.4708 (ppl 4.35)  val(topk) 1.7776 (ppl 5.92)  L_I 0.0541  best 1.4620@7100 (1/20)
[train] step  7200  loss 1.3476  L_I 0.0542  phase 2  lr 2.35e-04  grad 0.52  tok/s 91,677
[train] step  7250  loss 1.4628  L_I 0.0545  phase 2  lr 2.34e-04  grad 0.56  tok/s 112,067
[eval]  step  7300  train 1.4633 (ppl 4.32)  val 1.4806 (ppl 4.40)  val(topk) 1.7876 (ppl 5.98)  L_I 0.0547  best 1.4620@7100 (2/20)
[train] step  7300  loss 1.4812  L_I 0.0527  phase 2  lr 2.33e-04  grad 0.53  tok/s 91,281
[train] step  7350  loss 1.4263  L_I 0.0558  phase 2  lr 2.32e-04  grad 0.54  tok/s 112,891
[eval]  step  7400  train 1.4188 (ppl 4.13)  val 1.4601 (ppl 4.31)  val(topk) 1.7477 (ppl 5.74)  L_I 0.0562  best 1.4601@7400 (0/20)
[train] step  7400  loss 1.4420  L_I 0.0580  phase 2  lr 2.31e-04  grad 0.56  tok/s 91,397
[train] step  7450  loss 1.4518  L_I 0.0529  phase 2  lr 2.30e-04  grad 0.54  tok/s 112,498
[eval]  step  7500  train 1.4285 (ppl 4.17)  val 1.4317 (ppl 4.19)  val(topk) 1.7480 (ppl 5.74)  L_I 0.0541  best 1.4317@7500 (0/20)
[train] step  7500  loss 1.4928  L_I 0.0512  phase 2  lr 2.29e-04  grad 0.53  tok/s 90,817
[train] step  7550  loss 1.4439  L_I 0.0542  phase 2  lr 2.28e-04  grad 0.51  tok/s 111,673
[eval]  step  7600  train 1.4217 (ppl 4.14)  val 1.4563 (ppl 4.29)  val(topk) 1.7529 (ppl 5.77)  L_I 0.0543  best 1.4317@7500 (1/20)
[train] step  7600  loss 1.4997  L_I 0.0538  phase 2  lr 2.27e-04  grad 0.54  tok/s 91,023
[train] step  7650  loss 1.4505  L_I 0.0536  phase 2  lr 2.26e-04  grad 0.55  tok/s 112,570
[eval]  step  7700  train 1.4349 (ppl 4.20)  val 1.4644 (ppl 4.33)  val(topk) 1.7837 (ppl 5.95)  L_I 0.0534  best 1.4317@7500 (2/20)
[train] step  7700  loss 1.4062  L_I 0.0542  phase 2  lr 2.25e-04  grad 0.51  tok/s 91,223
[train] step  7750  loss 1.3652  L_I 0.0523  phase 2  lr 2.24e-04  grad 0.52  tok/s 112,703
[eval]  step  7800  train 1.4272 (ppl 4.17)  val 1.4090 (ppl 4.09)  val(topk) 1.7345 (ppl 5.67)  L_I 0.0546  best 1.4090@7800 (0/20)
[train] step  7800  loss 1.5456  L_I 0.0523  phase 2  lr 2.23e-04  grad 0.52  tok/s 91,787
[train] step  7850  loss 1.3306  L_I 0.0546  phase 2  lr 2.22e-04  grad 0.51  tok/s 111,941
[eval]  step  7900  train 1.4326 (ppl 4.19)  val 1.4510 (ppl 4.27)  val(topk) 1.7780 (ppl 5.92)  L_I 0.0550  best 1.4090@7800 (1/20)
[train] step  7900  loss 1.5114  L_I 0.0536  phase 2  lr 2.21e-04  grad 0.55  tok/s 91,725
[train] step  7950  loss 1.3712  L_I 0.0568  phase 2  lr 2.20e-04  grad 0.55  tok/s 113,177
[eval]  step  8000  train 1.4224 (ppl 4.15)  val 1.4483 (ppl 4.26)  val(topk) 1.7777 (ppl 5.92)  L_I 0.0553  best 1.4090@7800 (2/20)
[train] step  8000  loss 1.3451  L_I 0.0557  phase 2  lr 2.19e-04  grad 0.52  tok/s 91,679
[train] step  8050  loss 1.3594  L_I 0.0573  phase 2  lr 2.18e-04  grad 0.55  tok/s 112,966
[eval]  step  8100  train 1.4062 (ppl 4.08)  val 1.4437 (ppl 4.24)  val(topk) 1.7892 (ppl 5.98)  L_I 0.0543  best 1.4090@7800 (3/20)
[train] step  8100  loss 1.3779  L_I 0.0571  phase 2  lr 2.17e-04  grad 0.52  tok/s 91,342
[train] step  8150  loss 1.3483  L_I 0.0566  phase 2  lr 2.16e-04  grad 0.54  tok/s 113,055
[eval]  step  8200  train 1.3974 (ppl 4.04)  val 1.4508 (ppl 4.27)  val(topk) 1.7866 (ppl 5.97)  L_I 0.0530  best 1.4090@7800 (4/20)
[train] step  8200  loss 1.4311  L_I 0.0546  phase 2  lr 2.15e-04  grad 0.55  tok/s 91,495
[train] step  8250  loss 1.4553  L_I 0.0528  phase 2  lr 2.14e-04  grad 0.50  tok/s 113,371
[eval]  step  8300  train 1.4233 (ppl 4.15)  val 1.4423 (ppl 4.23)  val(topk) 1.7488 (ppl 5.75)  L_I 0.0522  best 1.4090@7800 (5/20)
[train] step  8300  loss 1.4584  L_I 0.0520  phase 2  lr 2.13e-04  grad 0.52  tok/s 91,955
[train] step  8350  loss 1.5213  L_I 0.0567  phase 2  lr 2.12e-04  grad 0.53  tok/s 113,172
[eval]  step  8400  train 1.4130 (ppl 4.11)  val 1.4283 (ppl 4.17)  val(topk) 1.7712 (ppl 5.88)  L_I 0.0538  best 1.4090@7800 (6/20)
[train] step  8400  loss 1.4733  L_I 0.0537  phase 2  lr 2.11e-04  grad 0.54  tok/s 91,669
[train] step  8450  loss 1.3336  L_I 0.0546  phase 2  lr 2.10e-04  grad 0.50  tok/s 112,428
[eval]  step  8500  train 1.4135 (ppl 4.11)  val 1.4329 (ppl 4.19)  val(topk) 1.7653 (ppl 5.84)  L_I 0.0540  best 1.4090@7800 (7/20)
[train] step  8500  loss 1.4513  L_I 0.0554  phase 2  lr 2.09e-04  grad 0.54  tok/s 91,927
[train] step  8550  loss 1.4029  L_I 0.0536  phase 2  lr 2.08e-04  grad 0.52  tok/s 113,665
[eval]  step  8600  train 1.4166 (ppl 4.12)  val 1.4727 (ppl 4.36)  val(topk) 1.8013 (ppl 6.06)  L_I 0.0531  best 1.4090@7800 (8/20)
[train] step  8600  loss 1.4857  L_I 0.0526  phase 2  lr 2.07e-04  grad 0.53  tok/s 91,553
[train] step  8650  loss 1.4374  L_I 0.0535  phase 2  lr 2.06e-04  grad 0.50  tok/s 112,604
[eval]  step  8700  train 1.4220 (ppl 4.15)  val 1.4279 (ppl 4.17)  val(topk) 1.7631 (ppl 5.83)  L_I 0.0540  best 1.4090@7800 (9/20)
[train] step  8700  loss 1.4378  L_I 0.0530  phase 2  lr 2.05e-04  grad 0.51  tok/s 90,916
[train] step  8750  loss 1.3945  L_I 0.0567  phase 2  lr 2.04e-04  grad 0.53  tok/s 112,357
[eval]  step  8800  train 1.3960 (ppl 4.04)  val 1.4256 (ppl 4.16)  val(topk) 1.7787 (ppl 5.92)  L_I 0.0536  best 1.4090@7800 (10/20)
[train] step  8800  loss 1.4463  L_I 0.0495  phase 2  lr 2.02e-04  grad 0.51  tok/s 91,591
[train] step  8850  loss 1.4708  L_I 0.0508  phase 2  lr 2.01e-04  grad 0.65  tok/s 112,307
[eval]  step  8900  train 1.3916 (ppl 4.02)  val 1.3969 (ppl 4.04)  val(topk) 1.7541 (ppl 5.78)  L_I 0.0535  best 1.3969@8900 (0/20)
[train] step  8900  loss 1.3590  L_I 0.0530  phase 2  lr 2.00e-04  grad 0.51  tok/s 91,330
[train] step  8950  loss 1.3041  L_I 0.0551  phase 2  lr 1.99e-04  grad 0.54  tok/s 112,730
[eval]  step  9000  train 1.4538 (ppl 4.28)  val 1.4319 (ppl 4.19)  val(topk) 1.7843 (ppl 5.96)  L_I 0.0537  best 1.3969@8900 (1/20)
[train] step  9000  loss 1.4089  L_I 0.0535  phase 2  lr 1.98e-04  grad 0.53  tok/s 91,826
[train] step  9050  loss 1.4699  L_I 0.0538  phase 2  lr 1.97e-04  grad 0.55  tok/s 112,412
[eval]  step  9100  train 1.3944 (ppl 4.03)  val 1.4283 (ppl 4.17)  val(topk) 1.7914 (ppl 6.00)  L_I 0.0532  best 1.3969@8900 (2/20)
[train] step  9100  loss 1.4896  L_I 0.0521  phase 2  lr 1.96e-04  grad 0.55  tok/s 91,532
[train] step  9150  loss 1.4327  L_I 0.0529  phase 2  lr 1.95e-04  grad 0.53  tok/s 112,372
[eval]  step  9200  train 1.3978 (ppl 4.05)  val 1.4344 (ppl 4.20)  val(topk) 1.8069 (ppl 6.09)  L_I 0.0523  best 1.3969@8900 (3/20)
[train] step  9200  loss 1.3668  L_I 0.0543  phase 2  lr 1.94e-04  grad 0.53  tok/s 91,418
[train] step  9250  loss 1.4078  L_I 0.0535  phase 2  lr 1.93e-04  grad 0.59  tok/s 112,170
[eval]  step  9300  train 1.3997 (ppl 4.05)  val 1.4241 (ppl 4.15)  val(topk) 1.7731 (ppl 5.89)  L_I 0.0525  best 1.3969@8900 (4/20)
[train] step  9300  loss 1.5082  L_I 0.0499  phase 2  lr 1.92e-04  grad 0.60  tok/s 91,357
[train] step  9350  loss 1.3645  L_I 0.0546  phase 2  lr 1.91e-04  grad 0.53  tok/s 111,268
[eval]  step  9400  train 1.3989 (ppl 4.05)  val 1.4322 (ppl 4.19)  val(topk) 1.7740 (ppl 5.89)  L_I 0.0510  best 1.3969@8900 (5/20)
[train] step  9400  loss 1.3934  L_I 0.0516  phase 2  lr 1.89e-04  grad 0.53  tok/s 90,853
[train] step  9450  loss 1.3571  L_I 0.0541  phase 2  lr 1.88e-04  grad 0.56  tok/s 111,654
[eval]  step  9500  train 1.3950 (ppl 4.04)  val 1.4306 (ppl 4.18)  val(topk) 1.7694 (ppl 5.87)  L_I 0.0521  best 1.3969@8900 (6/20)
[train] step  9500  loss 1.4063  L_I 0.0515  phase 2  lr 1.87e-04  grad 0.60  tok/s 90,746
[train] step  9550  loss 1.3865  L_I 0.0525  phase 2  lr 1.86e-04  grad 0.54  tok/s 112,188
[eval]  step  9600  train 1.4062 (ppl 4.08)  val 1.4333 (ppl 4.19)  val(topk) 1.7752 (ppl 5.90)  L_I 0.0523  best 1.3969@8900 (7/20)
[train] step  9600  loss 1.4414  L_I 0.0518  phase 2  lr 1.85e-04  grad 0.52  tok/s 91,324
[train] step  9650  loss 1.3863  L_I 0.0524  phase 2  lr 1.84e-04  grad 0.53  tok/s 112,223
[eval]  step  9700  train 1.3930 (ppl 4.03)  val 1.4269 (ppl 4.17)  val(topk) 1.8006 (ppl 6.05)  L_I 0.0546  best 1.3969@8900 (8/20)
[train] step  9700  loss 1.2411  L_I 0.0557  phase 2  lr 1.83e-04  grad 0.57  tok/s 91,071
[train] step  9750  loss 1.3257  L_I 0.0518  phase 2  lr 1.82e-04  grad 0.53  tok/s 111,835
[eval]  step  9800  train 1.3732 (ppl 3.95)  val 1.4126 (ppl 4.11)  val(topk) 1.7542 (ppl 5.78)  L_I 0.0534  best 1.3969@8900 (9/20)
[train] step  9800  loss 1.4033  L_I 0.0535  phase 2  lr 1.81e-04  grad 0.53  tok/s 91,070
[train] step  9850  loss 1.3813  L_I 0.0581  phase 2  lr 1.79e-04  grad 0.57  tok/s 112,332
[eval]  step  9900  train 1.4060 (ppl 4.08)  val 1.4076 (ppl 4.09)  val(topk) 1.7476 (ppl 5.74)  L_I 0.0515  best 1.3969@8900 (10/20)
[train] step  9900  loss 1.3701  L_I 0.0500  phase 2  lr 1.78e-04  grad 0.54  tok/s 90,594
[train] step  9950  loss 1.4225  L_I 0.0497  phase 2  lr 1.77e-04  grad 0.51  tok/s 112,495
[eval]  step 10000  train 1.3873 (ppl 4.00)  val 1.4163 (ppl 4.12)  val(topk) 1.7641 (ppl 5.84)  L_I 0.0521  best 1.3969@8900 (11/20)
[train] step 10000  loss 1.3985  L_I 0.0511  phase 2  lr 1.76e-04  grad 0.53  tok/s 91,004
[train] step 10050  loss 1.4690  L_I 0.0518  phase 2  lr 1.75e-04  grad 0.53  tok/s 112,466
[eval]  step 10100  train 1.3946 (ppl 4.03)  val 1.4079 (ppl 4.09)  val(topk) 1.7453 (ppl 5.73)  L_I 0.0527  best 1.3969@8900 (12/20)
[train] step 10100  loss 1.4439  L_I 0.0546  phase 2  lr 1.74e-04  grad 0.53  tok/s 92,064
[train] step 10150  loss 1.3572  L_I 0.0546  phase 2  lr 1.73e-04  grad 0.53  tok/s 113,547
[eval]  step 10200  train 1.3999 (ppl 4.05)  val 1.3997 (ppl 4.05)  val(topk) 1.7499 (ppl 5.75)  L_I 0.0530  best 1.3969@8900 (13/20)
[train] step 10200  loss 1.4336  L_I 0.0514  phase 2  lr 1.72e-04  grad 0.56  tok/s 91,795
[train] step 10250  loss 1.3531  L_I 0.0511  phase 2  lr 1.71e-04  grad 0.57  tok/s 113,130
[eval]  step 10300  train 1.3949 (ppl 4.03)  val 1.4107 (ppl 4.10)  val(topk) 1.7502 (ppl 5.76)  L_I 0.0516  best 1.3969@8900 (14/20)
[train] step 10300  loss 1.3328  L_I 0.0515  phase 2  lr 1.69e-04  grad 0.52  tok/s 91,594
[train] step 10350  loss 1.3671  L_I 0.0496  phase 2  lr 1.68e-04  grad 0.51  tok/s 112,892
[eval]  step 10400  train 1.3727 (ppl 3.95)  val 1.4163 (ppl 4.12)  val(topk) 1.7750 (ppl 5.90)  L_I 0.0525  best 1.3969@8900 (15/20)
[train] step 10400  loss 1.3377  L_I 0.0542  phase 2  lr 1.67e-04  grad 0.54  tok/s 90,546
[train] step 10450  loss 1.4270  L_I 0.0521  phase 2  lr 1.66e-04  grad 0.52  tok/s 111,968
[eval]  step 10500  train 1.3616 (ppl 3.90)  val 1.4059 (ppl 4.08)  val(topk) 1.7631 (ppl 5.83)  L_I 0.0501  best 1.3969@8900 (16/20)
[train] step 10500  loss 1.4268  L_I 0.0511  phase 2  lr 1.65e-04  grad 0.54  tok/s 91,513
[train] step 10550  loss 1.4359  L_I 0.0491  phase 2  lr 1.64e-04  grad 0.54  tok/s 112,636
[eval]  step 10600  train 1.3810 (ppl 3.98)  val 1.4029 (ppl 4.07)  val(topk) 1.7705 (ppl 5.87)  L_I 0.0533  best 1.3969@8900 (17/20)
[train] step 10600  loss 1.3698  L_I 0.0552  phase 2  lr 1.63e-04  grad 0.54  tok/s 91,520
[train] step 10650  loss 1.3905  L_I 0.0536  phase 2  lr 1.62e-04  grad 0.55  tok/s 112,644
[eval]  step 10700  train 1.3910 (ppl 4.02)  val 1.3925 (ppl 4.03)  val(topk) 1.7588 (ppl 5.81)  L_I 0.0504  best 1.3925@10700 (0/20)
[train] step 10700  loss 1.4678  L_I 0.0498  phase 2  lr 1.61e-04  grad 0.54  tok/s 90,732
[train] step 10750  loss 1.3403  L_I 0.0496  phase 2  lr 1.59e-04  grad 0.57  tok/s 112,916
[eval]  step 10800  train 1.3670 (ppl 3.92)  val 1.4191 (ppl 4.13)  val(topk) 1.7739 (ppl 5.89)  L_I 0.0515  best 1.3925@10700 (1/20)
[train] step 10800  loss 1.4063  L_I 0.0524  phase 2  lr 1.58e-04  grad 0.54  tok/s 92,075
[train] step 10850  loss 1.2548  L_I 0.0511  phase 2  lr 1.57e-04  grad 0.51  tok/s 114,298
[eval]  step 10900  train 1.3710 (ppl 3.94)  val 1.4100 (ppl 4.10)  val(topk) 1.7767 (ppl 5.91)  L_I 0.0523  best 1.3925@10700 (2/20)
[train] step 10900  loss 1.4584  L_I 0.0508  phase 2  lr 1.56e-04  grad 0.53  tok/s 92,090
[train] step 10950  loss 1.3698  L_I 0.0546  phase 2  lr 1.55e-04  grad 0.57  tok/s 113,280
[eval]  step 11000  train 1.3837 (ppl 3.99)  val 1.4025 (ppl 4.07)  val(topk) 1.7749 (ppl 5.90)  L_I 0.0505  best 1.3925@10700 (3/20)
[train] step 11000  loss 1.4164  L_I 0.0518  phase 2  lr 1.54e-04  grad 0.61  tok/s 92,307
[train] step 11050  loss 1.3820  L_I 0.0500  phase 2  lr 1.53e-04  grad 0.52  tok/s 113,554
[eval]  step 11100  train 1.3569 (ppl 3.88)  val 1.4073 (ppl 4.08)  val(topk) 1.7654 (ppl 5.84)  L_I 0.0505  best 1.3925@10700 (4/20)
[train] step 11100  loss 1.4166  L_I 0.0518  phase 2  lr 1.52e-04  grad 0.53  tok/s 92,316
[train] step 11150  loss 1.4099  L_I 0.0507  phase 2  lr 1.51e-04  grad 0.54  tok/s 114,401
[eval]  step 11200  train 1.3706 (ppl 3.94)  val 1.4111 (ppl 4.10)  val(topk) 1.7738 (ppl 5.89)  L_I 0.0516  best 1.3925@10700 (5/20)
[train] step 11200  loss 1.3722  L_I 0.0526  phase 2  lr 1.49e-04  grad 0.74  tok/s 91,668
[train] step 11250  loss 1.4243  L_I 0.0506  phase 2  lr 1.48e-04  grad 0.56  tok/s 113,139
[eval]  step 11300  train 1.3608 (ppl 3.90)  val 1.3843 (ppl 3.99)  val(topk) 1.7404 (ppl 5.70)  L_I 0.0513  best 1.3843@11300 (0/20)
[train] step 11300  loss 1.3188  L_I 0.0526  phase 2  lr 1.47e-04  grad 0.53  tok/s 91,116
[train] step 11350  loss 1.2757  L_I 0.0504  phase 2  lr 1.46e-04  grad 0.49  tok/s 113,601
[eval]  step 11400  train 1.3804 (ppl 3.98)  val 1.4316 (ppl 4.19)  val(topk) 1.7784 (ppl 5.92)  L_I 0.0518  best 1.3843@11300 (1/20)
[train] step 11400  loss 1.3755  L_I 0.0514  phase 2  lr 1.45e-04  grad 0.55  tok/s 92,341
[train] step 11450  loss 1.3290  L_I 0.0524  phase 2  lr 1.44e-04  grad 0.55  tok/s 113,339
[eval]  step 11500  train 1.3867 (ppl 4.00)  val 1.3963 (ppl 4.04)  val(topk) 1.7653 (ppl 5.84)  L_I 0.0519  best 1.3843@11300 (2/20)
[train] step 11500  loss 1.4292  L_I 0.0514  phase 2  lr 1.43e-04  grad 0.54  tok/s 92,179
[train] step 11550  loss 1.3475  L_I 0.0520  phase 2  lr 1.42e-04  grad 0.59  tok/s 114,841
[eval]  step 11600  train 1.3880 (ppl 4.01)  val 1.3670 (ppl 3.92)  val(topk) 1.7334 (ppl 5.66)  L_I 0.0537  best 1.3670@11600 (0/20)
[train] step 11600  loss 1.3898  L_I 0.0533  phase 2  lr 1.41e-04  grad 0.55  tok/s 91,723
[train] step 11650  loss 1.3505  L_I 0.0503  phase 2  lr 1.39e-04  grad 0.59  tok/s 111,762
[eval]  step 11700  train 1.3775 (ppl 3.96)  val 1.3964 (ppl 4.04)  val(topk) 1.7791 (ppl 5.92)  L_I 0.0490  best 1.3670@11600 (1/20)
[train] step 11700  loss 1.3753  L_I 0.0497  phase 2  lr 1.38e-04  grad 0.54  tok/s 91,671
[train] step 11750  loss 1.3417  L_I 0.0491  phase 2  lr 1.37e-04  grad 0.55  tok/s 112,593
[eval]  step 11800  train 1.3694 (ppl 3.93)  val 1.4059 (ppl 4.08)  val(topk) 1.7856 (ppl 5.96)  L_I 0.0506  best 1.3670@11600 (2/20)
[train] step 11800  loss 1.3706  L_I 0.0515  phase 2  lr 1.36e-04  grad 0.55  tok/s 91,546
[train] step 11850  loss 1.4508  L_I 0.0483  phase 2  lr 1.35e-04  grad 0.53  tok/s 111,507
[eval]  step 11900  train 1.3696 (ppl 3.93)  val 1.3927 (ppl 4.03)  val(topk) 1.7597 (ppl 5.81)  L_I 0.0517  best 1.3670@11600 (3/20)
[train] step 11900  loss 1.3407  L_I 0.0543  phase 2  lr 1.34e-04  grad 0.56  tok/s 91,868
[train] step 11950  loss 1.3290  L_I 0.0509  phase 2  lr 1.33e-04  grad 0.52  tok/s 113,383
[eval]  step 12000  train 1.3643 (ppl 3.91)  val 1.3834 (ppl 3.99)  val(topk) 1.7569 (ppl 5.79)  L_I 0.0511  best 1.3670@11600 (4/20)
[train] step 12000  loss 1.4322  L_I 0.0515  phase 2  lr 1.32e-04  grad 0.59  tok/s 91,922
[train] step 12050  loss 1.3898  L_I 0.0510  phase 2  lr 1.31e-04  grad 0.55  tok/s 112,165
[eval]  step 12100  train 1.3805 (ppl 3.98)  val 1.3755 (ppl 3.96)  val(topk) 1.7480 (ppl 5.74)  L_I 0.0513  best 1.3670@11600 (5/20)
[train] step 12100  loss 1.3926  L_I 0.0508  phase 2  lr 1.30e-04  grad 0.57  tok/s 91,489
[train] step 12150  loss 1.4332  L_I 0.0493  phase 2  lr 1.29e-04  grad 0.55  tok/s 113,471
[eval]  step 12200  train 1.3647 (ppl 3.91)  val 1.3798 (ppl 3.97)  val(topk) 1.7744 (ppl 5.90)  L_I 0.0488  best 1.3670@11600 (6/20)
[train] step 12200  loss 1.3301  L_I 0.0503  phase 2  lr 1.28e-04  grad 0.61  tok/s 91,292
[train] step 12250  loss 1.3796  L_I 0.0475  phase 2  lr 1.26e-04  grad 0.53  tok/s 111,655
[eval]  step 12300  train 1.3752 (ppl 3.96)  val 1.3724 (ppl 3.94)  val(topk) 1.7596 (ppl 5.81)  L_I 0.0506  best 1.3670@11600 (7/20)
[train] step 12300  loss 1.3996  L_I 0.0518  phase 2  lr 1.25e-04  grad 0.56  tok/s 91,864
[train] step 12350  loss 1.4124  L_I 0.0507  phase 2  lr 1.24e-04  grad 0.59  tok/s 113,263
[eval]  step 12400  train 1.3400 (ppl 3.82)  val 1.3872 (ppl 4.00)  val(topk) 1.7517 (ppl 5.76)  L_I 0.0509  best 1.3670@11600 (8/20)
[train] step 12400  loss 1.3603  L_I 0.0498  phase 2  lr 1.23e-04  grad 0.54  tok/s 91,608
[train] step 12450  loss 1.3594  L_I 0.0510  phase 2  lr 1.22e-04  grad 0.59  tok/s 113,252
[eval]  step 12500  train 1.3614 (ppl 3.90)  val 1.4043 (ppl 4.07)  val(topk) 1.7829 (ppl 5.95)  L_I 0.0498  best 1.3670@11600 (9/20)
[train] step 12500  loss 1.3802  L_I 0.0501  phase 2  lr 1.21e-04  grad 0.57  tok/s 91,599
[train] step 12550  loss 1.3497  L_I 0.0515  phase 2  lr 1.20e-04  grad 0.55  tok/s 113,129
[eval]  step 12600  train 1.3507 (ppl 3.86)  val 1.4011 (ppl 4.06)  val(topk) 1.7909 (ppl 5.99)  L_I 0.0492  best 1.3670@11600 (10/20)
[train] step 12600  loss 1.4129  L_I 0.0513  phase 2  lr 1.19e-04  grad 0.58  tok/s 92,211
[train] step 12650  loss 1.3582  L_I 0.0517  phase 2  lr 1.18e-04  grad 0.57  tok/s 113,491
[eval]  step 12700  train 1.3567 (ppl 3.88)  val 1.3751 (ppl 3.96)  val(topk) 1.7756 (ppl 5.90)  L_I 0.0516  best 1.3670@11600 (11/20)
[train] step 12700  loss 1.3071  L_I 0.0489  phase 2  lr 1.17e-04  grad 0.54  tok/s 91,450
[train] step 12750  loss 1.4343  L_I 0.0497  phase 2  lr 1.16e-04  grad 0.61  tok/s 112,614
[eval]  step 12800  train 1.3604 (ppl 3.90)  val 1.3678 (ppl 3.93)  val(topk) 1.7496 (ppl 5.75)  L_I 0.0496  best 1.3670@11600 (12/20)
[train] step 12800  loss 1.3703  L_I 0.0499  phase 2  lr 1.15e-04  grad 0.64  tok/s 91,614
[train] step 12850  loss 1.3408  L_I 0.0470  phase 2  lr 1.14e-04  grad 0.58  tok/s 112,676
[eval]  step 12900  train 1.3312 (ppl 3.79)  val 1.3691 (ppl 3.93)  val(topk) 1.7693 (ppl 5.87)  L_I 0.0501  best 1.3670@11600 (13/20)
[train] step 12900  loss 1.3612  L_I 0.0499  phase 2  lr 1.13e-04  grad 0.56  tok/s 91,870
[train] step 12950  loss 1.3906  L_I 0.0488  phase 2  lr 1.12e-04  grad 0.55  tok/s 113,044
[eval]  step 13000  train 1.3616 (ppl 3.90)  val 1.3720 (ppl 3.94)  val(topk) 1.7489 (ppl 5.75)  L_I 0.0495  best 1.3670@11600 (14/20)
[train] step 13000  loss 1.3627  L_I 0.0501  phase 2  lr 1.11e-04  grad 0.55  tok/s 91,964
[train] step 13050  loss 1.4685  L_I 0.0484  phase 2  lr 1.10e-04  grad 0.57  tok/s 113,795
[eval]  step 13100  train 1.3685 (ppl 3.93)  val 1.3769 (ppl 3.96)  val(topk) 1.7696 (ppl 5.87)  L_I 0.0504  best 1.3670@11600 (15/20)
[train] step 13100  loss 1.3363  L_I 0.0515  phase 2  lr 1.09e-04  grad 0.58  tok/s 92,177
[train] step 13150  loss 1.3677  L_I 0.0493  phase 2  lr 1.08e-04  grad 0.56  tok/s 113,005
[eval]  step 13200  train 1.3344 (ppl 3.80)  val 1.3689 (ppl 3.93)  val(topk) 1.7687 (ppl 5.86)  L_I 0.0478  best 1.3670@11600 (16/20)
[train] step 13200  loss 1.3027  L_I 0.0487  phase 2  lr 1.07e-04  grad 0.56  tok/s 92,083
[train] step 13250  loss 1.3828  L_I 0.0508  phase 2  lr 1.06e-04  grad 0.62  tok/s 112,759
[eval]  step 13300  train 1.3349 (ppl 3.80)  val 1.3835 (ppl 3.99)  val(topk) 1.7827 (ppl 5.95)  L_I 0.0484  best 1.3670@11600 (17/20)
[train] step 13300  loss 1.3466  L_I 0.0479  phase 2  lr 1.05e-04  grad 0.56  tok/s 92,325
[train] step 13350  loss 1.3730  L_I 0.0464  phase 2  lr 1.04e-04  grad 0.58  tok/s 113,097
[eval]  step 13400  train 1.3688 (ppl 3.93)  val 1.3758 (ppl 3.96)  val(topk) 1.7733 (ppl 5.89)  L_I 0.0487  best 1.3670@11600 (18/20)
[train] step 13400  loss 1.3667  L_I 0.0470  phase 2  lr 1.03e-04  grad 0.57  tok/s 91,690
[train] step 13450  loss 1.3369  L_I 0.0499  phase 2  lr 1.02e-04  grad 0.56  tok/s 113,188
[eval]  step 13500  train 1.3728 (ppl 3.95)  val 1.3622 (ppl 3.90)  val(topk) 1.7574 (ppl 5.80)  L_I 0.0479  best 1.3622@13500 (0/20)
[train] step 13500  loss 1.3943  L_I 0.0465  phase 2  lr 1.01e-04  grad 0.60  tok/s 91,330
[train] step 13550  loss 1.3524  L_I 0.0497  phase 2  lr 9.98e-05  grad 0.59  tok/s 112,831
[eval]  step 13600  train 1.3760 (ppl 3.96)  val 1.3748 (ppl 3.95)  val(topk) 1.7802 (ppl 5.93)  L_I 0.0478  best 1.3622@13500 (1/20)
[train] step 13600  loss 1.3472  L_I 0.0481  phase 2  lr 9.88e-05  grad 0.59  tok/s 90,566
[train] step 13650  loss 1.4368  L_I 0.0462  phase 2  lr 9.78e-05  grad 0.59  tok/s 111,580
[eval]  step 13700  train 1.3534 (ppl 3.87)  val 1.3605 (ppl 3.90)  val(topk) 1.7814 (ppl 5.94)  L_I 0.0478  best 1.3605@13700 (0/20)
[train] step 13700  loss 1.3507  L_I 0.0495  phase 2  lr 9.69e-05  grad 0.58  tok/s 90,692
[train] step 13750  loss 1.2955  L_I 0.0481  phase 2  lr 9.59e-05  grad 0.55  tok/s 112,639
[eval]  step 13800  train 1.3254 (ppl 3.76)  val 1.3747 (ppl 3.95)  val(topk) 1.7715 (ppl 5.88)  L_I 0.0475  best 1.3605@13700 (1/20)
[train] step 13800  loss 1.3123  L_I 0.0468  phase 2  lr 9.49e-05  grad 0.56  tok/s 91,466
[train] step 13850  loss 1.2503  L_I 0.0516  phase 2  lr 9.40e-05  grad 0.61  tok/s 112,229
[eval]  step 13900  train 1.3393 (ppl 3.82)  val 1.3848 (ppl 3.99)  val(topk) 1.7685 (ppl 5.86)  L_I 0.0489  best 1.3605@13700 (2/20)
[train] step 13900  loss 1.3383  L_I 0.0491  phase 2  lr 9.30e-05  grad 0.59  tok/s 91,388
[train] step 13950  loss 1.3819  L_I 0.0478  phase 2  lr 9.21e-05  grad 0.58  tok/s 113,379
[eval]  step 14000  train 1.3624 (ppl 3.91)  val 1.3663 (ppl 3.92)  val(topk) 1.7834 (ppl 5.95)  L_I 0.0482  best 1.3605@13700 (3/20)
[train] step 14000  loss 1.3810  L_I 0.0487  phase 2  lr 9.12e-05  grad 0.58  tok/s 91,208
[train] step 14050  loss 1.3326  L_I 0.0492  phase 2  lr 9.02e-05  grad 0.58  tok/s 116,144
[eval]  step 14100  train 1.3500 (ppl 3.86)  val 1.3732 (ppl 3.95)  val(topk) 1.7902 (ppl 5.99)  L_I 0.0485  best 1.3605@13700 (4/20)
[train] step 14100  loss 1.4375  L_I 0.0450  phase 2  lr 8.93e-05  grad 0.56  tok/s 91,443
[train] step 14150  loss 1.2203  L_I 0.0463  phase 2  lr 8.84e-05  grad 0.59  tok/s 112,961
[eval]  step 14200  train 1.3566 (ppl 3.88)  val 1.3704 (ppl 3.94)  val(topk) 1.7818 (ppl 5.94)  L_I 0.0464  best 1.3605@13700 (5/20)
[train] step 14200  loss 1.2518  L_I 0.0470  phase 2  lr 8.75e-05  grad 0.58  tok/s 91,630
[train] step 14250  loss 1.3065  L_I 0.0491  phase 2  lr 8.66e-05  grad 0.59  tok/s 112,163
[eval]  step 14300  train 1.3503 (ppl 3.86)  val 1.3954 (ppl 4.04)  val(topk) 1.8148 (ppl 6.14)  L_I 0.0467  best 1.3605@13700 (6/20)
[train] step 14300  loss 1.3094  L_I 0.0477  phase 2  lr 8.56e-05  grad 0.58  tok/s 91,992
[train] step 14350  loss 1.4338  L_I 0.0456  phase 2  lr 8.47e-05  grad 0.58  tok/s 113,021
[eval]  step 14400  train 1.3577 (ppl 3.89)  val 1.3596 (ppl 3.89)  val(topk) 1.7660 (ppl 5.85)  L_I 0.0468  best 1.3596@14400 (0/20)
[train] step 14400  loss 1.3549  L_I 0.0464  phase 2  lr 8.39e-05  grad 0.60  tok/s 90,981
[train] step 14450  loss 1.3665  L_I 0.0468  phase 2  lr 8.30e-05  grad 0.60  tok/s 112,491
[eval]  step 14500  train 1.3283 (ppl 3.77)  val 1.3849 (ppl 3.99)  val(topk) 1.8069 (ppl 6.09)  L_I 0.0473  best 1.3596@14400 (1/20)
[train] step 14500  loss 1.3016  L_I 0.0483  phase 2  lr 8.21e-05  grad 0.55  tok/s 91,834
[train] step 14550  loss 1.3590  L_I 0.0466  phase 2  lr 8.12e-05  grad 0.61  tok/s 113,474
[eval]  step 14600  train 1.3473 (ppl 3.85)  val 1.3558 (ppl 3.88)  val(topk) 1.7891 (ppl 5.98)  L_I 0.0473  best 1.3558@14600 (0/20)
[train] step 14600  loss 1.3691  L_I 0.0474  phase 2  lr 8.03e-05  grad 0.57  tok/s 91,132
[train] step 14650  loss 1.2623  L_I 0.0470  phase 2  lr 7.95e-05  grad 0.64  tok/s 111,729
[eval]  step 14700  train 1.3534 (ppl 3.87)  val 1.3945 (ppl 4.03)  val(topk) 1.7985 (ppl 6.04)  L_I 0.0468  best 1.3558@14600 (1/20)
[train] step 14700  loss 1.3358  L_I 0.0469  phase 2  lr 7.86e-05  grad 0.57  tok/s 91,774
[train] step 14750  loss 1.4203  L_I 0.0450  phase 2  lr 7.77e-05  grad 0.57  tok/s 112,644
[eval]  step 14800  train 1.3150 (ppl 3.72)  val 1.3657 (ppl 3.92)  val(topk) 1.7930 (ppl 6.01)  L_I 0.0467  best 1.3558@14600 (2/20)
[train] step 14800  loss 1.3014  L_I 0.0475  phase 2  lr 7.69e-05  grad 0.59  tok/s 90,027
[train] step 14850  loss 1.2334  L_I 0.0486  phase 2  lr 7.61e-05  grad 0.56  tok/s 114,188
[eval]  step 14900  train 1.3276 (ppl 3.77)  val 1.3840 (ppl 3.99)  val(topk) 1.8077 (ppl 6.10)  L_I 0.0474  best 1.3558@14600 (3/20)
[train] step 14900  loss 1.3487  L_I 0.0445  phase 2  lr 7.52e-05  grad 0.54  tok/s 90,667
[train] step 14950  loss 1.3672  L_I 0.0449  phase 2  lr 7.44e-05  grad 0.58  tok/s 112,759
[eval]  step 15000  train 1.3299 (ppl 3.78)  val 1.3517 (ppl 3.86)  val(topk) 1.7869 (ppl 5.97)  L_I 0.0462  best 1.3517@15000 (0/20)
[train] step 15000  loss 1.3692  L_I 0.0470  phase 2  lr 7.36e-05  grad 0.58  tok/s 90,169
[train] step 15050  loss 1.2491  L_I 0.0459  phase 2  lr 7.27e-05  grad 0.56  tok/s 112,822
[eval]  step 15100  train 1.3433 (ppl 3.83)  val 1.3479 (ppl 3.85)  val(topk) 1.7699 (ppl 5.87)  L_I 0.0475  best 1.3479@15100 (0/20)
[train] step 15100  loss 1.3781  L_I 0.0464  phase 2  lr 7.19e-05  grad 0.58  tok/s 90,769
[train] step 15150  loss 1.2865  L_I 0.0456  phase 2  lr 7.11e-05  grad 0.55  tok/s 111,956
[eval]  step 15200  train 1.3491 (ppl 3.85)  val 1.3541 (ppl 3.87)  val(topk) 1.7806 (ppl 5.93)  L_I 0.0460  best 1.3479@15100 (1/20)
[train] step 15200  loss 1.3849  L_I 0.0442  phase 2  lr 7.03e-05  grad 0.57  tok/s 91,457
[train] step 15250  loss 1.3403  L_I 0.0450  phase 2  lr 6.95e-05  grad 0.60  tok/s 112,317
[eval]  step 15300  train 1.3395 (ppl 3.82)  val 1.3640 (ppl 3.91)  val(topk) 1.7948 (ppl 6.02)  L_I 0.0449  best 1.3479@15100 (2/20)
[train] step 15300  loss 1.3484  L_I 0.0476  phase 2  lr 6.88e-05  grad 0.58  tok/s 90,967
[train] step 15350  loss 1.3469  L_I 0.0430  phase 2  lr 6.80e-05  grad 0.58  tok/s 111,219
[eval]  step 15400  train 1.3489 (ppl 3.85)  val 1.3628 (ppl 3.91)  val(topk) 1.7937 (ppl 6.01)  L_I 0.0475  best 1.3479@15100 (3/20)
[train] step 15400  loss 1.2928  L_I 0.0472  phase 2  lr 6.72e-05  grad 0.60  tok/s 91,366
[train] step 15450  loss 1.3119  L_I 0.0475  phase 2  lr 6.64e-05  grad 0.62  tok/s 112,157
[eval]  step 15500  train 1.3160 (ppl 3.73)  val 1.3776 (ppl 3.97)  val(topk) 1.8182 (ppl 6.16)  L_I 0.0455  best 1.3479@15100 (4/20)
[train] step 15500  loss 1.3536  L_I 0.0454  phase 2  lr 6.57e-05  grad 0.67  tok/s 91,573
[train] step 15550  loss 1.3305  L_I 0.0460  phase 2  lr 6.49e-05  grad 0.58  tok/s 112,646
[eval]  step 15600  train 1.3472 (ppl 3.85)  val 1.3497 (ppl 3.86)  val(topk) 1.7952 (ppl 6.02)  L_I 0.0457  best 1.3479@15100 (5/20)
[train] step 15600  loss 1.3843  L_I 0.0440  phase 2  lr 6.42e-05  grad 0.59  tok/s 91,103
[train] step 15650  loss 1.3088  L_I 0.0454  phase 2  lr 6.34e-05  grad 0.57  tok/s 112,460
[eval]  step 15700  train 1.3257 (ppl 3.76)  val 1.3806 (ppl 3.98)  val(topk) 1.8315 (ppl 6.24)  L_I 0.0463  best 1.3479@15100 (6/20)
[train] step 15700  loss 1.3528  L_I 0.0470  phase 2  lr 6.27e-05  grad 0.62  tok/s 91,020
[train] step 15750  loss 1.3013  L_I 0.0443  phase 2  lr 6.20e-05  grad 0.59  tok/s 112,576
[eval]  step 15800  train 1.3254 (ppl 3.76)  val 1.3579 (ppl 3.89)  val(topk) 1.8054 (ppl 6.08)  L_I 0.0453  best 1.3479@15100 (7/20)
[train] step 15800  loss 1.3643  L_I 0.0471  phase 2  lr 6.13e-05  grad 0.61  tok/s 90,686
[train] step 15850  loss 1.3279  L_I 0.0464  phase 2  lr 6.06e-05  grad 0.58  tok/s 111,634
[eval]  step 15900  train 1.3337 (ppl 3.80)  val 1.3720 (ppl 3.94)  val(topk) 1.8066 (ppl 6.09)  L_I 0.0453  best 1.3479@15100 (8/20)
[train] step 15900  loss 1.3552  L_I 0.0435  phase 2  lr 5.99e-05  grad 0.57  tok/s 91,089
[train] step 15950  loss 1.3945  L_I 0.0449  phase 2  lr 5.92e-05  grad 0.60  tok/s 111,649
[eval]  step 16000  train 1.3296 (ppl 3.78)  val 1.3650 (ppl 3.92)  val(topk) 1.8313 (ppl 6.24)  L_I 0.0458  best 1.3479@15100 (9/20)
[train] step 16000  loss 1.3592  L_I 0.0467  phase 2  lr 5.85e-05  grad 0.60  tok/s 91,448
[train] step 16050  loss 1.3320  L_I 0.0484  phase 2  lr 5.78e-05  grad 0.58  tok/s 112,239
[eval]  step 16100  train 1.3256 (ppl 3.76)  val 1.3756 (ppl 3.96)  val(topk) 1.8149 (ppl 6.14)  L_I 0.0444  best 1.3479@15100 (10/20)
[train] step 16100  loss 1.2230  L_I 0.0463  phase 2  lr 5.71e-05  grad 0.60  tok/s 90,394
[train] step 16150  loss 1.4360  L_I 0.0439  phase 2  lr 5.64e-05  grad 0.59  tok/s 111,391
[eval]  step 16200  train 1.3341 (ppl 3.80)  val 1.3624 (ppl 3.91)  val(topk) 1.8041 (ppl 6.07)  L_I 0.0452  best 1.3479@15100 (11/20)
[train] step 16200  loss 1.3902  L_I 0.0434  phase 2  lr 5.58e-05  grad 0.60  tok/s 90,924
[train] step 16250  loss 1.2609  L_I 0.0459  phase 2  lr 5.51e-05  grad 0.59  tok/s 112,510
[eval]  step 16300  train 1.3354 (ppl 3.80)  val 1.3384 (ppl 3.81)  val(topk) 1.7896 (ppl 5.99)  L_I 0.0447  best 1.3384@16300 (0/20)
[train] step 16300  loss 1.3515  L_I 0.0417  phase 2  lr 5.45e-05  grad 0.62  tok/s 90,003
[train] step 16350  loss 1.3457  L_I 0.0423  phase 2  lr 5.38e-05  grad 0.63  tok/s 111,749
[eval]  step 16400  train 1.3253 (ppl 3.76)  val 1.3535 (ppl 3.87)  val(topk) 1.8059 (ppl 6.09)  L_I 0.0451  best 1.3384@16300 (1/20)
[train] step 16400  loss 1.3127  L_I 0.0444  phase 2  lr 5.32e-05  grad 0.55  tok/s 91,753
[train] step 16450  loss 1.3275  L_I 0.0448  phase 2  lr 5.26e-05  grad 0.59  tok/s 112,468
[eval]  step 16500  train 1.3309 (ppl 3.78)  val 1.3457 (ppl 3.84)  val(topk) 1.8094 (ppl 6.11)  L_I 0.0455  best 1.3384@16300 (2/20)
[train] step 16500  loss 1.3304  L_I 0.0452  phase 2  lr 5.20e-05  grad 0.62  tok/s 91,094
[train] step 16550  loss 1.3641  L_I 0.0445  phase 2  lr 5.14e-05  grad 0.61  tok/s 113,600
[eval]  step 16600  train 1.3280 (ppl 3.77)  val 1.3574 (ppl 3.89)  val(topk) 1.8322 (ppl 6.25)  L_I 0.0451  best 1.3384@16300 (3/20)
[train] step 16600  loss 1.3520  L_I 0.0456  phase 2  lr 5.08e-05  grad 0.59  tok/s 90,892
[train] step 16650  loss 1.2881  L_I 0.0458  phase 2  lr 5.02e-05  grad 0.58  tok/s 111,097
[eval]  step 16700  train 1.3340 (ppl 3.80)  val 1.3686 (ppl 3.93)  val(topk) 1.8199 (ppl 6.17)  L_I 0.0439  best 1.3384@16300 (4/20)
[train] step 16700  loss 1.3930  L_I 0.0453  phase 2  lr 4.96e-05  grad 0.65  tok/s 91,122
[train] step 16750  loss 1.4064  L_I 0.0436  phase 2  lr 4.90e-05  grad 0.60  tok/s 112,987
[eval]  step 16800  train 1.3391 (ppl 3.82)  val 1.3568 (ppl 3.88)  val(topk) 1.8317 (ppl 6.24)  L_I 0.0451  best 1.3384@16300 (5/20)
[train] step 16800  loss 1.3678  L_I 0.0428  phase 2  lr 4.85e-05  grad 0.58  tok/s 91,500
[train] step 16850  loss 1.3188  L_I 0.0427  phase 2  lr 4.79e-05  grad 0.58  tok/s 112,381
[eval]  step 16900  train 1.3232 (ppl 3.76)  val 1.3865 (ppl 4.00)  val(topk) 1.8451 (ppl 6.33)  L_I 0.0445  best 1.3384@16300 (6/20)
[train] step 16900  loss 1.2923  L_I 0.0446  phase 2  lr 4.73e-05  grad 0.60  tok/s 91,498
[train] step 16950  loss 1.3833  L_I 0.0443  phase 2  lr 4.68e-05  grad 0.63  tok/s 112,090
[eval]  step 17000  train 1.3223 (ppl 3.75)  val 1.3437 (ppl 3.83)  val(topk) 1.8132 (ppl 6.13)  L_I 0.0441  best 1.3384@16300 (7/20)
[train] step 17000  loss 1.3200  L_I 0.0435  phase 2  lr 4.63e-05  grad 0.59  tok/s 90,820
[train] step 17050  loss 1.2939  L_I 0.0446  phase 2  lr 4.57e-05  grad 0.61  tok/s 113,778
[eval]  step 17100  train 1.3291 (ppl 3.78)  val 1.3573 (ppl 3.89)  val(topk) 1.8190 (ppl 6.17)  L_I 0.0447  best 1.3384@16300 (8/20)
[train] step 17100  loss 1.2879  L_I 0.0448  phase 2  lr 4.52e-05  grad 0.63  tok/s 92,073
[train] step 17150  loss 1.2914  L_I 0.0476  phase 2  lr 4.47e-05  grad 0.62  tok/s 113,832
[eval]  step 17200  train 1.3502 (ppl 3.86)  val 1.3483 (ppl 3.85)  val(topk) 1.8220 (ppl 6.18)  L_I 0.0447  best 1.3384@16300 (9/20)
[train] step 17200  loss 1.2571  L_I 0.0444  phase 2  lr 4.42e-05  grad 0.61  tok/s 91,399
[train] step 17250  loss 1.2961  L_I 0.0451  phase 2  lr 4.37e-05  grad 0.65  tok/s 113,546
[eval]  step 17300  train 1.3155 (ppl 3.73)  val 1.3530 (ppl 3.87)  val(topk) 1.8318 (ppl 6.25)  L_I 0.0447  best 1.3384@16300 (10/20)
[train] step 17300  loss 1.2073  L_I 0.0447  phase 2  lr 4.32e-05  grad 0.57  tok/s 91,970
[train] step 17350  loss 1.3226  L_I 0.0420  phase 2  lr 4.28e-05  grad 0.62  tok/s 111,742
[eval]  step 17400  train 1.3447 (ppl 3.84)  val 1.3509 (ppl 3.86)  val(topk) 1.8257 (ppl 6.21)  L_I 0.0436  best 1.3384@16300 (11/20)
[train] step 17400  loss 1.3859  L_I 0.0437  phase 2  lr 4.23e-05  grad 0.65  tok/s 91,413
[train] step 17450  loss 1.3664  L_I 0.0429  phase 2  lr 4.18e-05  grad 0.60  tok/s 111,841
[eval]  step 17500  train 1.3086 (ppl 3.70)  val 1.3433 (ppl 3.83)  val(topk) 1.8266 (ppl 6.21)  L_I 0.0442  best 1.3384@16300 (12/20)
[train] step 17500  loss 1.4002  L_I 0.0423  phase 2  lr 4.14e-05  grad 0.59  tok/s 90,888
[train] step 17550  loss 1.3516  L_I 0.0454  phase 2  lr 4.09e-05  grad 0.64  tok/s 112,311
[eval]  step 17600  train 1.3078 (ppl 3.70)  val 1.3353 (ppl 3.80)  val(topk) 1.8089 (ppl 6.10)  L_I 0.0438  best 1.3353@17600 (0/20)
[train] step 17600  loss 1.2618  L_I 0.0462  phase 2  lr 4.05e-05  grad 0.62  tok/s 90,932
[train] step 17650  loss 1.3554  L_I 0.0426  phase 2  lr 4.01e-05  grad 0.59  tok/s 111,962
[eval]  step 17700  train 1.2990 (ppl 3.67)  val 1.3585 (ppl 3.89)  val(topk) 1.8400 (ppl 6.30)  L_I 0.0441  best 1.3353@17600 (1/20)
[train] step 17700  loss 1.2502  L_I 0.0445  phase 2  lr 3.96e-05  grad 0.66  tok/s 90,843
[train] step 17750  loss 1.3821  L_I 0.0418  phase 2  lr 3.92e-05  grad 0.67  tok/s 112,322
[eval]  step 17800  train 1.3395 (ppl 3.82)  val 1.3569 (ppl 3.88)  val(topk) 1.8283 (ppl 6.22)  L_I 0.0434  best 1.3353@17600 (2/20)
[train] step 17800  loss 1.3330  L_I 0.0458  phase 2  lr 3.88e-05  grad 0.64  tok/s 90,572
[train] step 17850  loss 1.3231  L_I 0.0411  phase 2  lr 3.84e-05  grad 0.64  tok/s 112,784
[eval]  step 17900  train 1.3054 (ppl 3.69)  val 1.3614 (ppl 3.90)  val(topk) 1.8307 (ppl 6.24)  L_I 0.0431  best 1.3353@17600 (3/20)
[train] step 17900  loss 1.3048  L_I 0.0426  phase 2  lr 3.81e-05  grad 0.61  tok/s 90,981
[train] step 17950  loss 1.3583  L_I 0.0420  phase 2  lr 3.77e-05  grad 0.63  tok/s 113,462
[eval]  step 18000  train 1.3273 (ppl 3.77)  val 1.3223 (ppl 3.75)  val(topk) 1.8112 (ppl 6.12)  L_I 0.0446  best 1.3223@18000 (0/20)
[train] step 18000  loss 1.3562  L_I 0.0445  phase 2  lr 3.73e-05  grad 0.62  tok/s 91,395
[train] step 18050  loss 1.3161  L_I 0.0419  phase 2  lr 3.70e-05  grad 0.61  tok/s 113,749
[eval]  step 18100  train 1.3268 (ppl 3.77)  val 1.3410 (ppl 3.82)  val(topk) 1.8281 (ppl 6.22)  L_I 0.0441  best 1.3223@18000 (1/20)
[train] step 18100  loss 1.2875  L_I 0.0452  phase 2  lr 3.66e-05  grad 0.61  tok/s 91,416
[train] step 18150  loss 1.2406  L_I 0.0452  phase 2  lr 3.63e-05  grad 0.63  tok/s 112,554
[eval]  step 18200  train 1.3201 (ppl 3.74)  val 1.3457 (ppl 3.84)  val(topk) 1.8242 (ppl 6.20)  L_I 0.0429  best 1.3223@18000 (2/20)
[train] step 18200  loss 1.3351  L_I 0.0420  phase 2  lr 3.59e-05  grad 0.60  tok/s 91,300
[train] step 18250  loss 1.3221  L_I 0.0416  phase 2  lr 3.56e-05  grad 0.61  tok/s 112,704
[eval]  step 18300  train 1.3142 (ppl 3.72)  val 1.3227 (ppl 3.75)  val(topk) 1.8058 (ppl 6.09)  L_I 0.0441  best 1.3223@18000 (3/20)
[train] step 18300  loss 1.3309  L_I 0.0426  phase 2  lr 3.53e-05  grad 0.65  tok/s 91,428
[train] step 18350  loss 1.3290  L_I 0.0439  phase 2  lr 3.50e-05  grad 0.62  tok/s 112,331
[eval]  step 18400  train 1.3430 (ppl 3.83)  val 1.3480 (ppl 3.85)  val(topk) 1.8344 (ppl 6.26)  L_I 0.0421  best 1.3223@18000 (4/20)
[train] step 18400  loss 1.2730  L_I 0.0438  phase 2  lr 3.47e-05  grad 0.60  tok/s 91,806
[train] step 18450  loss 1.3109  L_I 0.0408  phase 2  lr 3.44e-05  grad 0.64  tok/s 113,028
[eval]  step 18500  train 1.2962 (ppl 3.66)  val 1.3599 (ppl 3.90)  val(topk) 1.8478 (ppl 6.35)  L_I 0.0428  best 1.3223@18000 (5/20)
[train] step 18500  loss 1.3834  L_I 0.0429  phase 2  lr 3.41e-05  grad 0.65  tok/s 91,996
[train] step 18550  loss 1.3514  L_I 0.0426  phase 2  lr 3.39e-05  grad 0.63  tok/s 112,126
[eval]  step 18600  train 1.3093 (ppl 3.70)  val 1.3382 (ppl 3.81)  val(topk) 1.8248 (ppl 6.20)  L_I 0.0426  best 1.3223@18000 (6/20)
[train] step 18600  loss 1.3009  L_I 0.0440  phase 2  lr 3.36e-05  grad 0.64  tok/s 91,895
[train] step 18650  loss 1.3039  L_I 0.0425  phase 2  lr 3.33e-05  grad 0.64  tok/s 112,479
[eval]  step 18700  train 1.3051 (ppl 3.69)  val 1.3387 (ppl 3.81)  val(topk) 1.8132 (ppl 6.13)  L_I 0.0428  best 1.3223@18000 (7/20)
[train] step 18700  loss 1.3581  L_I 0.0409  phase 2  lr 3.31e-05  grad 0.63  tok/s 92,136
[train] step 18750  loss 1.4270  L_I 0.0431  phase 2  lr 3.29e-05  grad 0.67  tok/s 113,175
[eval]  step 18800  train 1.3228 (ppl 3.75)  val 1.3517 (ppl 3.86)  val(topk) 1.8421 (ppl 6.31)  L_I 0.0437  best 1.3223@18000 (8/20)
[train] step 18800  loss 1.2944  L_I 0.0436  phase 2  lr 3.26e-05  grad 0.64  tok/s 92,284
[train] step 18850  loss 1.2600  L_I 0.0445  phase 2  lr 3.24e-05  grad 0.64  tok/s 112,805
[eval]  step 18900  train 1.3094 (ppl 3.70)  val 1.3619 (ppl 3.90)  val(topk) 1.8445 (ppl 6.32)  L_I 0.0425  best 1.3223@18000 (9/20)
[train] step 18900  loss 1.3300  L_I 0.0428  phase 2  lr 3.22e-05  grad 0.67  tok/s 92,082
[train] step 18950  loss 1.2981  L_I 0.0439  phase 2  lr 3.20e-05  grad 0.64  tok/s 113,670
[eval]  step 19000  train 1.3171 (ppl 3.73)  val 1.3559 (ppl 3.88)  val(topk) 1.8452 (ppl 6.33)  L_I 0.0427  best 1.3223@18000 (10/20)
[train] step 19000  loss 1.2314  L_I 0.0428  phase 2  lr 3.18e-05  grad 0.63  tok/s 92,285
[train] step 19050  loss 1.3901  L_I 0.0420  phase 2  lr 3.17e-05  grad 0.63  tok/s 113,450
[eval]  step 19100  train 1.2873 (ppl 3.62)  val 1.3517 (ppl 3.86)  val(topk) 1.8422 (ppl 6.31)  L_I 0.0427  best 1.3223@18000 (11/20)
[train] step 19100  loss 1.3141  L_I 0.0426  phase 2  lr 3.15e-05  grad 0.61  tok/s 91,506
[train] step 19150  loss 1.3392  L_I 0.0433  phase 2  lr 3.13e-05  grad 0.65  tok/s 111,682
[eval]  step 19200  train 1.3140 (ppl 3.72)  val 1.3431 (ppl 3.83)  val(topk) 1.8304 (ppl 6.24)  L_I 0.0428  best 1.3223@18000 (12/20)
[train] step 19200  loss 1.3630  L_I 0.0410  phase 2  lr 3.12e-05  grad 0.64  tok/s 91,253
[train] step 19250  loss 1.3276  L_I 0.0417  phase 2  lr 3.10e-05  grad 0.66  tok/s 111,915
[eval]  step 19300  train 1.2891 (ppl 3.63)  val 1.3290 (ppl 3.78)  val(topk) 1.8330 (ppl 6.25)  L_I 0.0424  best 1.3223@18000 (13/20)
[train] step 19300  loss 1.3943  L_I 0.0407  phase 2  lr 3.09e-05  grad 0.65  tok/s 90,886
[train] step 19350  loss 1.2834  L_I 0.0423  phase 2  lr 3.08e-05  grad 0.65  tok/s 113,079
[eval]  step 19400  train 1.2968 (ppl 3.66)  val 1.3599 (ppl 3.90)  val(topk) 1.8512 (ppl 6.37)  L_I 0.0425  best 1.3223@18000 (14/20)
[train] step 19400  loss 1.3398  L_I 0.0412  phase 2  lr 3.07e-05  grad 0.64  tok/s 91,532
[train] step 19450  loss 1.4119  L_I 0.0412  phase 2  lr 3.06e-05  grad 0.66  tok/s 112,617
[eval]  step 19500  train 1.2961 (ppl 3.65)  val 1.3324 (ppl 3.79)  val(topk) 1.8332 (ppl 6.25)  L_I 0.0431  best 1.3223@18000 (15/20)
[train] step 19500  loss 1.2762  L_I 0.0463  phase 2  lr 3.05e-05  grad 0.63  tok/s 91,639
[train] step 19550  loss 1.3146  L_I 0.0422  phase 2  lr 3.04e-05  grad 0.62  tok/s 111,873
[eval]  step 19600  train 1.3069 (ppl 3.69)  val 1.3705 (ppl 3.94)  val(topk) 1.8631 (ppl 6.44)  L_I 0.0418  best 1.3223@18000 (16/20)
[train] step 19600  loss 1.3745  L_I 0.0434  phase 2  lr 3.03e-05  grad 0.62  tok/s 91,716
[train] step 19650  loss 1.3399  L_I 0.0424  phase 2  lr 3.02e-05  grad 0.65  tok/s 112,278
[eval]  step 19700  train 1.3055 (ppl 3.69)  val 1.3440 (ppl 3.83)  val(topk) 1.8455 (ppl 6.33)  L_I 0.0416  best 1.3223@18000 (17/20)
[train] step 19700  loss 1.2609  L_I 0.0419  phase 2  lr 3.02e-05  grad 0.63  tok/s 91,852
[train] step 19750  loss 1.3572  L_I 0.0400  phase 2  lr 3.01e-05  grad 0.64  tok/s 111,245
[eval]  step 19800  train 1.3046 (ppl 3.69)  val 1.3446 (ppl 3.84)  val(topk) 1.8407 (ppl 6.30)  L_I 0.0430  best 1.3223@18000 (18/20)
[train] step 19800  loss 1.2830  L_I 0.0455  phase 2  lr 3.01e-05  grad 0.65  tok/s 91,784
[train] step 19850  loss 1.3468  L_I 0.0450  phase 2  lr 3.00e-05  grad 0.68  tok/s 113,712
[eval]  step 19900  train 1.3107 (ppl 3.71)  val 1.3634 (ppl 3.91)  val(topk) 1.8541 (ppl 6.39)  L_I 0.0416  best 1.3223@18000 (19/20)
[train] step 19900  loss 1.3352  L_I 0.0425  phase 2  lr 3.00e-05  grad 0.64  tok/s 91,326
[train] step 19950  loss 1.3735  L_I 0.0400  phase 2  lr 3.00e-05  grad 0.68  tok/s 113,454
[eval]  step 20000  train 1.3194 (ppl 3.74)  val 1.3575 (ppl 3.89)  val(topk) 1.8575 (ppl 6.41)  L_I 0.0417  best 1.3223@18000 (20/20)
[stop]  early-stop at step 20000: val hasn't improved in 20 evals (best 1.3223@18000)
[done] saved /home/ubuntu/mini-deepseek-v4/runs/stage-e-v3-csa-1k/final.pt  total 6399.9s  best_val=1.3223@step18000  (early-stop)
[final] reloaded best.pt from step 18000
[final] val: loss 1.3498  bpc 1.9473  ppl 3.86  (n_pos 4,979,640, windows 4882)  ||  topk: loss 1.8313  bpc 2.6420  ppl 6.24
[final] test: loss 1.3188  bpc 1.9026  ppl 3.74  (n_pos 4,979,640, windows 4882)  ||  topk: loss 1.8099  bpc 2.6111  ppl 6.11
=== 06:34:44 finished stage-e-v3-csa-1k ===
=== 06:34:44 launching stage-e-v3-vanilla-2k ===
[setup] device=cuda
[data]  enwiki8  vocab=205, train=90,000,000 tokens, val=5,000,000, test=5,000,000
[model] vanilla, params=11,486,976 (excl emb=10,621,824)
[run]   logging to /home/ubuntu/mini-deepseek-v4/runs/stage-e-v3-vanilla-2k
[opt]   amp=bf16, grad_accum_steps=8, effective_batch=32
[eval]  step     0  train 5.3971 (ppl 220.77)  val 5.3984 (ppl 221.05)  best 5.3984@0 (0/20)
[train] step    50  loss 3.9622  lr 3.06e-05  grad 1.83  tok/s 259,776
[eval]  step   100  train 3.1531 (ppl 23.41)  val 3.1489 (ppl 23.31)  best 3.1489@100 (0/20)
[train] step   100  loss 3.1612  lr 6.06e-05  grad 1.97  tok/s 272,967
[train] step   150  loss 2.8341  lr 9.06e-05  grad 1.47  tok/s 283,584
[eval]  step   200  train 2.6956 (ppl 14.81)  val 2.7128 (ppl 15.07)  best 2.7128@200 (0/20)
[train] step   200  loss 2.7392  lr 1.21e-04  grad 1.29  tok/s 273,982
[train] step   250  loss 2.6253  lr 1.51e-04  grad 0.75  tok/s 284,106
[eval]  step   300  train 2.5996 (ppl 13.46)  val 2.6036 (ppl 13.51)  best 2.6036@300 (0/20)
[train] step   300  loss 2.6021  lr 1.81e-04  grad 0.74  tok/s 272,860
[train] step   350  loss 2.5352  lr 2.11e-04  grad 0.71  tok/s 283,336
[eval]  step   400  train 2.5133 (ppl 12.35)  val 2.5139 (ppl 12.35)  best 2.5139@400 (0/20)
[train] step   400  loss 2.4858  lr 2.41e-04  grad 0.76  tok/s 272,818
[train] step   450  loss 2.4718  lr 2.71e-04  grad 1.06  tok/s 283,779
[eval]  step   500  train 2.3809 (ppl 10.82)  val 2.4095 (ppl 11.13)  best 2.4095@500 (0/20)
[train] step   500  loss 2.3939  lr 3.00e-04  grad 0.82  tok/s 272,793
[train] step   550  loss 2.3074  lr 3.00e-04  grad 1.46  tok/s 282,551
[eval]  step   600  train 2.2420 (ppl 9.41)  val 2.2657 (ppl 9.64)  best 2.2657@600 (0/20)
[train] step   600  loss 2.2185  lr 3.00e-04  grad 1.59  tok/s 273,571
[train] step   650  loss 2.1709  lr 3.00e-04  grad 1.93  tok/s 286,159
[eval]  step   700  train 2.0920 (ppl 8.10)  val 2.0872 (ppl 8.06)  best 2.0872@700 (0/20)
[train] step   700  loss 2.1020  lr 3.00e-04  grad 1.79  tok/s 272,671
[train] step   750  loss 1.9914  lr 3.00e-04  grad 1.80  tok/s 283,911
[eval]  step   800  train 1.9081 (ppl 6.74)  val 1.8725 (ppl 6.50)  best 1.8725@800 (0/20)
[train] step   800  loss 1.9163  lr 2.99e-04  grad 1.78  tok/s 273,741
[train] step   850  loss 1.8259  lr 2.99e-04  grad 2.02  tok/s 282,952
[eval]  step   900  train 1.7235 (ppl 5.60)  val 1.7184 (ppl 5.58)  best 1.7184@900 (0/20)
[train] step   900  loss 1.7192  lr 2.99e-04  grad 1.73  tok/s 273,786
[train] step   950  loss 1.6528  lr 2.99e-04  grad 1.78  tok/s 283,304
[eval]  step  1000  train 1.6070 (ppl 4.99)  val 1.6193 (ppl 5.05)  best 1.6193@1000 (0/20)
[train] step  1000  loss 1.5897  lr 2.98e-04  grad 2.08  tok/s 272,794
[train] step  1050  loss 1.5061  lr 2.98e-04  grad 2.00  tok/s 285,692
[eval]  step  1100  train 1.5035 (ppl 4.50)  val 1.5136 (ppl 4.54)  best 1.5136@1100 (0/20)
[train] step  1100  loss 1.4697  lr 2.97e-04  grad 1.89  tok/s 272,454
[train] step  1150  loss 1.4349  lr 2.97e-04  grad 1.63  tok/s 283,650
[eval]  step  1200  train 1.4045 (ppl 4.07)  val 1.3923 (ppl 4.02)  best 1.3923@1200 (0/20)
[train] step  1200  loss 1.3116  lr 2.96e-04  grad 1.57  tok/s 274,139
[train] step  1250  loss 1.3787  lr 2.96e-04  grad 1.63  tok/s 283,926
[eval]  step  1300  train 1.3203 (ppl 3.74)  val 1.3295 (ppl 3.78)  best 1.3295@1300 (0/20)
[train] step  1300  loss 1.2979  lr 2.95e-04  grad 1.27  tok/s 274,189
[train] step  1350  loss 1.2740  lr 2.95e-04  grad 1.45  tok/s 284,262
[eval]  step  1400  train 1.2954 (ppl 3.65)  val 1.2714 (ppl 3.57)  best 1.2714@1400 (0/20)
[train] step  1400  loss 1.2806  lr 2.94e-04  grad 1.27  tok/s 273,517
[train] step  1450  loss 1.2692  lr 2.93e-04  grad 1.26  tok/s 283,646
[eval]  step  1500  train 1.2373 (ppl 3.45)  val 1.2521 (ppl 3.50)  best 1.2521@1500 (0/20)
[train] step  1500  loss 1.2614  lr 2.93e-04  grad 1.23  tok/s 274,118
[train] step  1550  loss 1.1933  lr 2.92e-04  grad 1.04  tok/s 285,643
[eval]  step  1600  train 1.2298 (ppl 3.42)  val 1.2470 (ppl 3.48)  best 1.2470@1600 (0/20)
[train] step  1600  loss 1.1961  lr 2.91e-04  grad 1.19  tok/s 274,284
[train] step  1650  loss 1.2350  lr 2.90e-04  grad 1.13  tok/s 283,936
[eval]  step  1700  train 1.1902 (ppl 3.29)  val 1.2149 (ppl 3.37)  best 1.2149@1700 (0/20)
[train] step  1700  loss 1.2302  lr 2.90e-04  grad 0.94  tok/s 277,705
[train] step  1750  loss 1.1734  lr 2.89e-04  grad 1.04  tok/s 285,827
[eval]  step  1800  train 1.1722 (ppl 3.23)  val 1.1995 (ppl 3.32)  best 1.1995@1800 (0/20)
[train] step  1800  loss 1.2011  lr 2.88e-04  grad 1.08  tok/s 273,816
[train] step  1850  loss 1.1815  lr 2.87e-04  grad 1.06  tok/s 284,761
[eval]  step  1900  train 1.1605 (ppl 3.19)  val 1.1784 (ppl 3.25)  best 1.1784@1900 (0/20)
[train] step  1900  loss 1.1858  lr 2.86e-04  grad 0.90  tok/s 272,132
[train] step  1950  loss 1.1580  lr 2.85e-04  grad 0.82  tok/s 284,000
[eval]  step  2000  train 1.1783 (ppl 3.25)  val 1.1697 (ppl 3.22)  best 1.1697@2000 (0/20)
[train] step  2000  loss 1.1889  lr 2.84e-04  grad 0.90  tok/s 274,445
[train] step  2050  loss 1.1698  lr 2.83e-04  grad 0.81  tok/s 284,142
[eval]  step  2100  train 1.1205 (ppl 3.07)  val 1.1546 (ppl 3.17)  best 1.1546@2100 (0/20)
[train] step  2100  loss 1.1335  lr 2.82e-04  grad 0.85  tok/s 272,665
[train] step  2150  loss 1.1599  lr 2.80e-04  grad 0.78  tok/s 282,337
[eval]  step  2200  train 1.1012 (ppl 3.01)  val 1.1438 (ppl 3.14)  best 1.1438@2200 (0/20)
[train] step  2200  loss 1.1815  lr 2.79e-04  grad 0.72  tok/s 275,348
[train] step  2250  loss 1.1054  lr 2.78e-04  grad 0.80  tok/s 283,903
[eval]  step  2300  train 1.1100 (ppl 3.03)  val 1.1434 (ppl 3.14)  best 1.1434@2300 (0/20)
[train] step  2300  loss 1.1218  lr 2.77e-04  grad 0.82  tok/s 271,875
[train] step  2350  loss 1.0798  lr 2.76e-04  grad 0.78  tok/s 283,460
[eval]  step  2400  train 1.0951 (ppl 2.99)  val 1.1177 (ppl 3.06)  best 1.1177@2400 (0/20)
[train] step  2400  loss 1.1237  lr 2.74e-04  grad 0.75  tok/s 273,709
[train] step  2450  loss 1.1266  lr 2.73e-04  grad 0.76  tok/s 283,635
[eval]  step  2500  train 1.1184 (ppl 3.06)  val 1.1188 (ppl 3.06)  best 1.1177@2400 (1/20)
[train] step  2500  loss 1.0496  lr 2.72e-04  grad 0.75  tok/s 277,329
[train] step  2550  loss 1.1490  lr 2.70e-04  grad 0.75  tok/s 283,954
[eval]  step  2600  train 1.1122 (ppl 3.04)  val 1.1223 (ppl 3.07)  best 1.1177@2400 (2/20)
[train] step  2600  loss 1.1091  lr 2.69e-04  grad 0.67  tok/s 275,921
[train] step  2650  loss 1.0329  lr 2.67e-04  grad 0.62  tok/s 284,240
[eval]  step  2700  train 1.0900 (ppl 2.97)  val 1.0932 (ppl 2.98)  best 1.0932@2700 (0/20)
[train] step  2700  loss 1.1050  lr 2.66e-04  grad 0.69  tok/s 273,727
[train] step  2750  loss 1.0549  lr 2.64e-04  grad 0.72  tok/s 284,394
[eval]  step  2800  train 1.0780 (ppl 2.94)  val 1.1119 (ppl 3.04)  best 1.0932@2700 (1/20)
[train] step  2800  loss 1.0424  lr 2.63e-04  grad 0.69  tok/s 275,475
[train] step  2850  loss 1.0569  lr 2.61e-04  grad 0.65  tok/s 283,402
[eval]  step  2900  train 1.0677 (ppl 2.91)  val 1.1046 (ppl 3.02)  best 1.0932@2700 (2/20)
[train] step  2900  loss 1.0607  lr 2.60e-04  grad 0.68  tok/s 275,173
[train] step  2950  loss 1.0617  lr 2.58e-04  grad 0.67  tok/s 283,808
[eval]  step  3000  train 1.0607 (ppl 2.89)  val 1.0930 (ppl 2.98)  best 1.0930@3000 (0/20)
[train] step  3000  loss 1.0600  lr 2.56e-04  grad 0.67  tok/s 274,140
[train] step  3050  loss 1.0702  lr 2.55e-04  grad 0.64  tok/s 283,755
[eval]  step  3100  train 1.0626 (ppl 2.89)  val 1.0736 (ppl 2.93)  best 1.0736@3100 (0/20)
[train] step  3100  loss 1.0499  lr 2.53e-04  grad 0.60  tok/s 274,476
[train] step  3150  loss 1.0817  lr 2.51e-04  grad 0.69  tok/s 284,291
[eval]  step  3200  train 1.0519 (ppl 2.86)  val 1.0620 (ppl 2.89)  best 1.0620@3200 (0/20)
[train] step  3200  loss 1.0165  lr 2.50e-04  grad 0.62  tok/s 273,253
[train] step  3250  loss 0.9933  lr 2.48e-04  grad 0.63  tok/s 283,419
[eval]  step  3300  train 1.0557 (ppl 2.87)  val 1.0672 (ppl 2.91)  best 1.0620@3200 (1/20)
[train] step  3300  loss 1.0256  lr 2.46e-04  grad 0.62  tok/s 275,200
[train] step  3350  loss 1.1130  lr 2.44e-04  grad 0.60  tok/s 283,992
[eval]  step  3400  train 1.0834 (ppl 2.95)  val 1.0777 (ppl 2.94)  best 1.0620@3200 (2/20)
[train] step  3400  loss 1.0641  lr 2.43e-04  grad 0.55  tok/s 275,105
[train] step  3450  loss 1.0313  lr 2.41e-04  grad 0.65  tok/s 283,602
[eval]  step  3500  train 1.0448 (ppl 2.84)  val 1.0491 (ppl 2.85)  best 1.0491@3500 (0/20)
[train] step  3500  loss 1.0823  lr 2.39e-04  grad 0.60  tok/s 275,856
[train] step  3550  loss 1.0343  lr 2.37e-04  grad 0.63  tok/s 283,003
[eval]  step  3600  train 1.0443 (ppl 2.84)  val 1.0325 (ppl 2.81)  best 1.0325@3600 (0/20)
[train] step  3600  loss 0.9675  lr 2.35e-04  grad 0.55  tok/s 272,998
[train] step  3650  loss 1.0241  lr 2.33e-04  grad 0.57  tok/s 284,778
[eval]  step  3700  train 1.0366 (ppl 2.82)  val 1.0416 (ppl 2.83)  best 1.0325@3600 (1/20)
[train] step  3700  loss 1.0432  lr 2.31e-04  grad 0.66  tok/s 275,426
[train] step  3750  loss 1.0008  lr 2.29e-04  grad 0.59  tok/s 287,210
[eval]  step  3800  train 1.0219 (ppl 2.78)  val 1.0360 (ppl 2.82)  best 1.0325@3600 (2/20)
[train] step  3800  loss 1.0228  lr 2.27e-04  grad 0.55  tok/s 277,178
[train] step  3850  loss 1.0580  lr 2.25e-04  grad 0.69  tok/s 283,730
[eval]  step  3900  train 1.0139 (ppl 2.76)  val 1.0183 (ppl 2.77)  best 1.0183@3900 (0/20)
[train] step  3900  loss 1.0136  lr 2.23e-04  grad 0.56  tok/s 273,282
[train] step  3950  loss 1.0232  lr 2.21e-04  grad 0.61  tok/s 283,470
[eval]  step  4000  train 1.0067 (ppl 2.74)  val 1.0554 (ppl 2.87)  best 1.0183@3900 (1/20)
[train] step  4000  loss 1.0148  lr 2.19e-04  grad 0.60  tok/s 276,667
[train] step  4050  loss 1.0630  lr 2.17e-04  grad 0.54  tok/s 284,577
[eval]  step  4100  train 1.0209 (ppl 2.78)  val 1.0471 (ppl 2.85)  best 1.0183@3900 (2/20)
[train] step  4100  loss 1.0572  lr 2.15e-04  grad 0.59  tok/s 275,059
[train] step  4150  loss 0.9684  lr 2.13e-04  grad 0.58  tok/s 284,822
[eval]  step  4200  train 0.9860 (ppl 2.68)  val 1.0518 (ppl 2.86)  best 1.0183@3900 (3/20)
[train] step  4200  loss 0.9631  lr 2.11e-04  grad 0.57  tok/s 273,197
[train] step  4250  loss 0.9938  lr 2.09e-04  grad 0.52  tok/s 282,793
[eval]  step  4300  train 1.0221 (ppl 2.78)  val 1.0160 (ppl 2.76)  best 1.0160@4300 (0/20)
[train] step  4300  loss 0.9922  lr 2.07e-04  grad 0.55  tok/s 272,302
[train] step  4350  loss 1.0303  lr 2.05e-04  grad 0.58  tok/s 282,498
[eval]  step  4400  train 1.0091 (ppl 2.74)  val 1.0255 (ppl 2.79)  best 1.0160@4300 (1/20)
[train] step  4400  loss 1.0473  lr 2.02e-04  grad 0.55  tok/s 275,079
[train] step  4450  loss 1.0470  lr 2.00e-04  grad 0.61  tok/s 283,224
[eval]  step  4500  train 0.9964 (ppl 2.71)  val 1.0377 (ppl 2.82)  best 1.0160@4300 (2/20)
[train] step  4500  loss 1.0449  lr 1.98e-04  grad 0.52  tok/s 274,329
[train] step  4550  loss 0.9847  lr 1.96e-04  grad 0.55  tok/s 286,266
[eval]  step  4600  train 0.9958 (ppl 2.71)  val 1.0127 (ppl 2.75)  best 1.0127@4600 (0/20)
[train] step  4600  loss 1.0114  lr 1.94e-04  grad 0.61  tok/s 273,885
[train] step  4650  loss 0.9492  lr 1.92e-04  grad 0.53  tok/s 283,786
[eval]  step  4700  train 1.0038 (ppl 2.73)  val 1.0284 (ppl 2.80)  best 1.0127@4600 (1/20)
[train] step  4700  loss 0.9587  lr 1.89e-04  grad 0.55  tok/s 275,881
[train] step  4750  loss 0.9481  lr 1.87e-04  grad 0.53  tok/s 283,380
[eval]  step  4800  train 1.0154 (ppl 2.76)  val 1.0450 (ppl 2.84)  best 1.0127@4600 (2/20)
[train] step  4800  loss 1.0039  lr 1.85e-04  grad 0.58  tok/s 276,137
[train] step  4850  loss 1.0097  lr 1.83e-04  grad 0.51  tok/s 285,335
[eval]  step  4900  train 0.9961 (ppl 2.71)  val 1.0141 (ppl 2.76)  best 1.0127@4600 (3/20)
[train] step  4900  loss 1.0423  lr 1.81e-04  grad 0.52  tok/s 275,342
[train] step  4950  loss 0.9854  lr 1.78e-04  grad 0.55  tok/s 283,922
[eval]  step  5000  train 0.9883 (ppl 2.69)  val 1.0248 (ppl 2.79)  best 1.0127@4600 (4/20)
[train] step  5000  loss 1.0132  lr 1.76e-04  grad 0.51  tok/s 275,116
[train] step  5050  loss 0.9626  lr 1.74e-04  grad 0.49  tok/s 283,693
[eval]  step  5100  train 0.9647 (ppl 2.62)  val 1.0161 (ppl 2.76)  best 1.0127@4600 (5/20)
[train] step  5100  loss 1.0048  lr 1.72e-04  grad 0.51  tok/s 277,303
[train] step  5150  loss 0.9768  lr 1.69e-04  grad 0.53  tok/s 284,521
[eval]  step  5200  train 0.9683 (ppl 2.63)  val 1.0220 (ppl 2.78)  best 1.0127@4600 (6/20)
[train] step  5200  loss 0.9353  lr 1.67e-04  grad 0.57  tok/s 274,920
[train] step  5250  loss 0.9716  lr 1.65e-04  grad 0.52  tok/s 284,518
[eval]  step  5300  train 0.9900 (ppl 2.69)  val 0.9988 (ppl 2.71)  best 0.9988@5300 (0/20)
[train] step  5300  loss 0.9277  lr 1.63e-04  grad 0.50  tok/s 273,653
[train] step  5350  loss 0.9562  lr 1.61e-04  grad 0.56  tok/s 285,287
[eval]  step  5400  train 0.9973 (ppl 2.71)  val 0.9867 (ppl 2.68)  best 0.9867@5400 (0/20)
[train] step  5400  loss 1.0038  lr 1.58e-04  grad 0.52  tok/s 275,652
[train] step  5450  loss 0.9523  lr 1.56e-04  grad 0.54  tok/s 285,193
[eval]  step  5500  train 0.9728 (ppl 2.65)  val 0.9836 (ppl 2.67)  best 0.9836@5500 (0/20)
[train] step  5500  loss 0.9768  lr 1.54e-04  grad 0.56  tok/s 273,739
[train] step  5550  loss 1.0105  lr 1.52e-04  grad 0.52  tok/s 284,484
[eval]  step  5600  train 0.9526 (ppl 2.59)  val 0.9927 (ppl 2.70)  best 0.9836@5500 (1/20)
[train] step  5600  loss 0.9704  lr 1.49e-04  grad 0.53  tok/s 275,607
[train] step  5650  loss 0.9936  lr 1.47e-04  grad 0.51  tok/s 284,849
[eval]  step  5700  train 0.9472 (ppl 2.58)  val 0.9938 (ppl 2.70)  best 0.9836@5500 (2/20)
[train] step  5700  loss 0.9698  lr 1.45e-04  grad 0.47  tok/s 276,174
[train] step  5750  loss 0.9931  lr 1.43e-04  grad 0.52  tok/s 284,128
[eval]  step  5800  train 0.9712 (ppl 2.64)  val 0.9764 (ppl 2.66)  best 0.9764@5800 (0/20)
[train] step  5800  loss 0.9646  lr 1.41e-04  grad 0.53  tok/s 273,506
[train] step  5850  loss 0.9642  lr 1.38e-04  grad 0.52  tok/s 282,859
[eval]  step  5900  train 0.9389 (ppl 2.56)  val 0.9836 (ppl 2.67)  best 0.9764@5800 (1/20)
[train] step  5900  loss 0.9870  lr 1.36e-04  grad 0.49  tok/s 274,888
[train] step  5950  loss 0.9580  lr 1.34e-04  grad 0.52  tok/s 283,655
[eval]  step  6000  train 0.9889 (ppl 2.69)  val 0.9686 (ppl 2.63)  best 0.9686@6000 (0/20)
[train] step  6000  loss 1.0168  lr 1.32e-04  grad 0.52  tok/s 272,678
[train] step  6050  loss 0.9856  lr 1.30e-04  grad 0.50  tok/s 287,513
[eval]  step  6100  train 0.9474 (ppl 2.58)  val 1.0000 (ppl 2.72)  best 0.9686@6000 (1/20)
[train] step  6100  loss 0.9565  lr 1.28e-04  grad 0.52  tok/s 274,599
[train] step  6150  loss 0.9345  lr 1.25e-04  grad 0.48  tok/s 283,162
[eval]  step  6200  train 0.9527 (ppl 2.59)  val 0.9843 (ppl 2.68)  best 0.9686@6000 (2/20)
[train] step  6200  loss 0.9114  lr 1.23e-04  grad 0.52  tok/s 275,283
[train] step  6250  loss 0.9729  lr 1.21e-04  grad 0.53  tok/s 283,469
[eval]  step  6300  train 0.9280 (ppl 2.53)  val 0.9753 (ppl 2.65)  best 0.9686@6000 (3/20)
[train] step  6300  loss 0.9438  lr 1.19e-04  grad 0.51  tok/s 278,798
[train] step  6350  loss 0.9838  lr 1.17e-04  grad 0.55  tok/s 288,152
[eval]  step  6400  train 0.9531 (ppl 2.59)  val 0.9939 (ppl 2.70)  best 0.9686@6000 (4/20)
[train] step  6400  loss 0.9859  lr 1.15e-04  grad 0.52  tok/s 277,006
[train] step  6450  loss 0.9117  lr 1.13e-04  grad 0.53  tok/s 285,114
[eval]  step  6500  train 0.9542 (ppl 2.60)  val 0.9718 (ppl 2.64)  best 0.9686@6000 (5/20)
[train] step  6500  loss 0.9047  lr 1.11e-04  grad 0.51  tok/s 275,620
[train] step  6550  loss 1.0061  lr 1.09e-04  grad 0.49  tok/s 284,723
[eval]  step  6600  train 0.9394 (ppl 2.56)  val 0.9716 (ppl 2.64)  best 0.9686@6000 (6/20)
[train] step  6600  loss 0.9903  lr 1.07e-04  grad 0.57  tok/s 276,058
[train] step  6650  loss 1.0021  lr 1.05e-04  grad 0.54  tok/s 283,996
[eval]  step  6700  train 0.9392 (ppl 2.56)  val 1.0011 (ppl 2.72)  best 0.9686@6000 (7/20)
[train] step  6700  loss 0.9406  lr 1.03e-04  grad 0.52  tok/s 275,240
[train] step  6750  loss 0.9472  lr 1.01e-04  grad 0.51  tok/s 284,142
[eval]  step  6800  train 0.9584 (ppl 2.61)  val 0.9678 (ppl 2.63)  best 0.9678@6800 (0/20)
[train] step  6800  loss 0.9629  lr 9.88e-05  grad 0.51  tok/s 274,610
[train] step  6850  loss 0.9824  lr 9.69e-05  grad 0.53  tok/s 285,560
[eval]  step  6900  train 0.9313 (ppl 2.54)  val 0.9770 (ppl 2.66)  best 0.9678@6800 (1/20)
[train] step  6900  loss 0.9192  lr 9.49e-05  grad 0.52  tok/s 275,538
[train] step  6950  loss 1.0068  lr 9.30e-05  grad 0.51  tok/s 282,445
[eval]  step  7000  train 0.9335 (ppl 2.54)  val 0.9902 (ppl 2.69)  best 0.9678@6800 (2/20)
[train] step  7000  loss 0.9489  lr 9.12e-05  grad 0.48  tok/s 275,665
[train] step  7050  loss 0.9286  lr 8.93e-05  grad 0.51  tok/s 286,320
[eval]  step  7100  train 0.9250 (ppl 2.52)  val 0.9971 (ppl 2.71)  best 0.9678@6800 (3/20)
[train] step  7100  loss 0.9693  lr 8.75e-05  grad 0.48  tok/s 274,615
[train] step  7150  loss 0.9863  lr 8.56e-05  grad 0.50  tok/s 283,335
[eval]  step  7200  train 0.9397 (ppl 2.56)  val 0.9798 (ppl 2.66)  best 0.9678@6800 (4/20)
[train] step  7200  loss 0.9384  lr 8.39e-05  grad 0.53  tok/s 274,071
[train] step  7250  loss 0.9537  lr 8.21e-05  grad 0.49  tok/s 282,480
[eval]  step  7300  train 0.9101 (ppl 2.48)  val 0.9537 (ppl 2.60)  best 0.9537@7300 (0/20)
[train] step  7300  loss 0.9040  lr 8.03e-05  grad 0.47  tok/s 273,875
[train] step  7350  loss 0.9257  lr 7.86e-05  grad 0.48  tok/s 281,201
[eval]  step  7400  train 0.9390 (ppl 2.56)  val 0.9418 (ppl 2.56)  best 0.9418@7400 (0/20)
[train] step  7400  loss 0.9280  lr 7.69e-05  grad 0.50  tok/s 272,453
[train] step  7450  loss 0.8974  lr 7.52e-05  grad 0.51  tok/s 285,873
[eval]  step  7500  train 0.9306 (ppl 2.54)  val 0.9706 (ppl 2.64)  best 0.9418@7400 (1/20)
[train] step  7500  loss 0.9368  lr 7.36e-05  grad 0.55  tok/s 276,000
[train] step  7550  loss 0.9226  lr 7.19e-05  grad 0.51  tok/s 283,262
[eval]  step  7600  train 0.9347 (ppl 2.55)  val 0.9728 (ppl 2.65)  best 0.9418@7400 (2/20)
[train] step  7600  loss 0.9213  lr 7.03e-05  grad 0.52  tok/s 273,716
[train] step  7650  loss 0.8992  lr 6.88e-05  grad 0.52  tok/s 279,174
[eval]  step  7700  train 0.9543 (ppl 2.60)  val 0.9537 (ppl 2.60)  best 0.9418@7400 (3/20)
[train] step  7700  loss 0.8811  lr 6.72e-05  grad 0.50  tok/s 275,027
[train] step  7750  loss 0.9107  lr 6.57e-05  grad 0.48  tok/s 282,061
[eval]  step  7800  train 0.9435 (ppl 2.57)  val 0.9531 (ppl 2.59)  best 0.9418@7400 (4/20)
[train] step  7800  loss 0.9196  lr 6.42e-05  grad 0.50  tok/s 275,581
[train] step  7850  loss 0.9615  lr 6.27e-05  grad 0.51  tok/s 283,010
[eval]  step  7900  train 0.9389 (ppl 2.56)  val 0.9579 (ppl 2.61)  best 0.9418@7400 (5/20)
[train] step  7900  loss 0.9110  lr 6.13e-05  grad 0.50  tok/s 274,762
[train] step  7950  loss 0.9678  lr 5.99e-05  grad 0.52  tok/s 285,279
[eval]  step  8000  train 0.9204 (ppl 2.51)  val 0.9649 (ppl 2.62)  best 0.9418@7400 (6/20)
[train] step  8000  loss 0.9405  lr 5.85e-05  grad 0.54  tok/s 273,888
[train] step  8050  loss 0.9368  lr 5.71e-05  grad 0.49  tok/s 285,035
[eval]  step  8100  train 0.9185 (ppl 2.51)  val 0.9752 (ppl 2.65)  best 0.9418@7400 (7/20)
[train] step  8100  loss 0.9700  lr 5.58e-05  grad 0.53  tok/s 277,095
[train] step  8150  loss 0.9054  lr 5.45e-05  grad 0.49  tok/s 283,564
[eval]  step  8200  train 0.9418 (ppl 2.56)  val 0.9658 (ppl 2.63)  best 0.9418@7400 (8/20)
[train] step  8200  loss 0.9124  lr 5.32e-05  grad 0.49  tok/s 274,722
[train] step  8250  loss 0.9235  lr 5.20e-05  grad 0.50  tok/s 284,006
[eval]  step  8300  train 0.9129 (ppl 2.49)  val 0.9683 (ppl 2.63)  best 0.9418@7400 (9/20)
[train] step  8300  loss 0.9859  lr 5.08e-05  grad 0.49  tok/s 273,622
[train] step  8350  loss 0.9310  lr 4.96e-05  grad 0.51  tok/s 283,968
[eval]  step  8400  train 0.9259 (ppl 2.52)  val 0.9370 (ppl 2.55)  best 0.9370@8400 (0/20)
[train] step  8400  loss 0.8661  lr 4.85e-05  grad 0.49  tok/s 272,975
[train] step  8450  loss 0.9107  lr 4.73e-05  grad 0.48  tok/s 283,464
[eval]  step  8500  train 0.9194 (ppl 2.51)  val 0.9509 (ppl 2.59)  best 0.9370@8400 (1/20)
[train] step  8500  loss 0.9213  lr 4.63e-05  grad 0.49  tok/s 275,220
[train] step  8550  loss 0.9098  lr 4.52e-05  grad 0.49  tok/s 282,755
[eval]  step  8600  train 0.9490 (ppl 2.58)  val 0.9616 (ppl 2.62)  best 0.9370@8400 (2/20)
[train] step  8600  loss 0.9429  lr 4.42e-05  grad 0.53  tok/s 275,228
[train] step  8650  loss 0.9521  lr 4.32e-05  grad 0.49  tok/s 284,231
[eval]  step  8700  train 0.9243 (ppl 2.52)  val 0.9645 (ppl 2.62)  best 0.9370@8400 (3/20)
[train] step  8700  loss 0.9683  lr 4.23e-05  grad 0.51  tok/s 275,041
[train] step  8750  loss 0.8663  lr 4.14e-05  grad 0.50  tok/s 284,258
[eval]  step  8800  train 0.9210 (ppl 2.51)  val 0.9629 (ppl 2.62)  best 0.9370@8400 (4/20)
[train] step  8800  loss 0.9436  lr 4.05e-05  grad 0.48  tok/s 276,140
[train] step  8850  loss 0.8888  lr 3.96e-05  grad 0.52  tok/s 283,737
[eval]  step  8900  train 0.9453 (ppl 2.57)  val 0.9607 (ppl 2.61)  best 0.9370@8400 (5/20)
[train] step  8900  loss 0.9797  lr 3.88e-05  grad 0.49  tok/s 276,903
[train] step  8950  loss 0.9031  lr 3.81e-05  grad 0.49  tok/s 285,614
[eval]  step  9000  train 0.9118 (ppl 2.49)  val 0.9782 (ppl 2.66)  best 0.9370@8400 (6/20)
[train] step  9000  loss 0.8922  lr 3.73e-05  grad 0.49  tok/s 275,501
[train] step  9050  loss 0.9140  lr 3.66e-05  grad 0.47  tok/s 284,048
[eval]  step  9100  train 0.9077 (ppl 2.48)  val 0.9603 (ppl 2.61)  best 0.9370@8400 (7/20)
[train] step  9100  loss 0.8333  lr 3.59e-05  grad 0.51  tok/s 274,683
[train] step  9150  loss 0.9594  lr 3.53e-05  grad 0.51  tok/s 283,553
[eval]  step  9200  train 0.9298 (ppl 2.53)  val 0.9460 (ppl 2.58)  best 0.9370@8400 (8/20)
[train] step  9200  loss 0.8770  lr 3.47e-05  grad 0.48  tok/s 276,145
[train] step  9250  loss 0.9363  lr 3.41e-05  grad 0.49  tok/s 283,687
[eval]  step  9300  train 0.9164 (ppl 2.50)  val 0.9514 (ppl 2.59)  best 0.9370@8400 (9/20)
[train] step  9300  loss 0.8952  lr 3.36e-05  grad 0.47  tok/s 275,729
[train] step  9350  loss 0.8769  lr 3.31e-05  grad 0.49  tok/s 285,080
[eval]  step  9400  train 0.9175 (ppl 2.50)  val 0.9439 (ppl 2.57)  best 0.9370@8400 (10/20)
[train] step  9400  loss 0.9149  lr 3.26e-05  grad 0.52  tok/s 275,833
[train] step  9450  loss 0.9399  lr 3.22e-05  grad 0.49  tok/s 284,558
[eval]  step  9500  train 0.9239 (ppl 2.52)  val 0.9512 (ppl 2.59)  best 0.9370@8400 (11/20)
[train] step  9500  loss 0.9123  lr 3.18e-05  grad 0.53  tok/s 274,604
[train] step  9550  loss 0.9198  lr 3.15e-05  grad 0.50  tok/s 283,493
[eval]  step  9600  train 0.8953 (ppl 2.45)  val 0.9499 (ppl 2.59)  best 0.9370@8400 (12/20)
[train] step  9600  loss 0.9117  lr 3.12e-05  grad 0.51  tok/s 277,068
[train] step  9650  loss 0.9322  lr 3.09e-05  grad 0.53  tok/s 284,088
[eval]  step  9700  train 0.8921 (ppl 2.44)  val 0.9512 (ppl 2.59)  best 0.9370@8400 (13/20)
[train] step  9700  loss 0.8822  lr 3.07e-05  grad 0.49  tok/s 275,525
[train] step  9750  loss 0.9010  lr 3.05e-05  grad 0.49  tok/s 284,358
[eval]  step  9800  train 0.9021 (ppl 2.46)  val 0.9545 (ppl 2.60)  best 0.9370@8400 (14/20)
[train] step  9800  loss 0.9850  lr 3.03e-05  grad 0.50  tok/s 276,370
[train] step  9850  loss 0.9298  lr 3.02e-05  grad 0.52  tok/s 285,202
[eval]  step  9900  train 0.8958 (ppl 2.45)  val 0.9424 (ppl 2.57)  best 0.9370@8400 (15/20)
[train] step  9900  loss 0.8970  lr 3.01e-05  grad 0.53  tok/s 277,508
[train] step  9950  loss 0.9305  lr 3.00e-05  grad 0.51  tok/s 283,950
[eval]  step 10000  train 0.9164 (ppl 2.50)  val 0.9676 (ppl 2.63)  best 0.9370@8400 (16/20)
[done] saved /home/ubuntu/mini-deepseek-v4/runs/stage-e-v3-vanilla-2k/final.pt  total 2347.1s  best_val=0.9370@step8400  (hit max_iters cap)
[final] reloaded best.pt from step 8400
[final] val: loss 0.9590  bpc 1.3836  ppl 2.61  (n_pos 4,999,168, windows 2441)
[final] test: loss 0.9371  bpc 1.3519  ppl 2.55  (n_pos 4,999,168, windows 2441)
=== 07:14:00 finished stage-e-v3-vanilla-2k ===
=== 07:14:00 launching stage-e-v3-csa-2k ===
[setup] device=cuda
[data]  enwiki8  vocab=205, train=90,000,000 tokens, val=5,000,000, test=5,000,000
[model] csa, params=10,725,120 (excl emb=9,859,968)
[run]   logging to /home/ubuntu/mini-deepseek-v4/runs/stage-e-v3-csa-2k
[opt]   amp=bf16, grad_accum_steps=8, effective_batch=32
[eval]  step     0  train 5.3845 (ppl 217.99)  val 5.3880 (ppl 218.76)  val(topk) 5.3917 (ppl 219.59)  L_I 0.0493  best 5.3880@0 (0/20)
[train] step    50  loss 5.3808  L_I 0.0376  phase 1  lr 3.06e-05  grad 0.08  tok/s 140,693
[eval]  step   100  train 5.3910 (ppl 219.42)  val 5.3939 (ppl 220.07)  val(topk) 5.3953 (ppl 220.36)  L_I 0.0307  best 5.3880@0 (1/20)
[train] step   100  loss 5.3902  L_I 0.0320  phase 1  lr 6.06e-05  grad 0.06  tok/s 142,224
[train] step   150  loss 5.3821  L_I 0.0278  phase 1  lr 9.06e-05  grad 0.04  tok/s 167,552
[eval]  step   200  train 5.3900 (ppl 219.20)  val 5.3943 (ppl 220.15)  val(topk) 5.3945 (ppl 220.18)  L_I 0.0228  best 5.3880@0 (2/20)
[train] step   200  loss 5.3776  L_I 0.0232  phase 1  lr 1.21e-04  grad 0.03  tok/s 142,811
[train] step   250  loss 5.3929  L_I 0.0209  phase 1  lr 1.51e-04  grad 0.04  tok/s 168,128
[eval]  step   300  train 5.3851 (ppl 218.13)  val 5.3870 (ppl 218.55)  val(topk) 5.3864 (ppl 218.41)  L_I 0.0186  best 5.3870@300 (0/20)
[train] step   300  loss 5.3902  L_I 0.0188  phase 1  lr 1.81e-04  grad 0.03  tok/s 142,961
[train] step   350  loss 5.3857  L_I 0.0160  phase 1  lr 2.11e-04  grad 0.04  tok/s 168,068
[eval]  step   400  train 5.3899 (ppl 219.18)  val 5.3895 (ppl 219.09)  val(topk) 5.3897 (ppl 219.14)  L_I 0.0150  best 5.3870@300 (1/20)
[train] step   400  loss 5.3975  L_I 0.0152  phase 1  lr 2.41e-04  grad 0.02  tok/s 142,525
[train] step   450  loss 5.3924  L_I 0.0146  phase 1  lr 2.71e-04  grad 0.05  tok/s 168,220
[eval]  step   500  train 5.3876 (ppl 218.68)  val 5.3867 (ppl 218.48)  val(topk) 5.3859 (ppl 218.32)  L_I 0.0140  best 5.3867@500 (0/20)
[train] step   500  loss 5.3749  L_I 0.0127  phase 2  lr 3.00e-04  grad 10.35  tok/s 141,328
[train] step   550  loss 2.8587  L_I 0.0490  phase 2  lr 3.00e-04  grad 0.55  tok/s 112,407
[eval]  step   600  train 2.6997 (ppl 14.87)  val 2.6705 (ppl 14.45)  val(topk) 2.6776 (ppl 14.55)  L_I 0.0520  best 2.6705@600 (0/20)
[train] step   600  loss 2.7214  L_I 0.0571  phase 2  lr 3.00e-04  grad 0.75  tok/s 100,695
[train] step   650  loss 2.5783  L_I 0.0602  phase 2  lr 3.00e-04  grad 0.58  tok/s 113,012
[eval]  step   700  train 2.5564 (ppl 12.89)  val 2.5811 (ppl 13.21)  val(topk) 2.5948 (ppl 13.39)  L_I 0.0614  best 2.5811@700 (0/20)
[train] step   700  loss 2.5682  L_I 0.0645  phase 2  lr 3.00e-04  grad 0.49  tok/s 100,990
[train] step   750  loss 2.5202  L_I 0.0653  phase 2  lr 3.00e-04  grad 0.55  tok/s 112,380
[eval]  step   800  train 2.4566 (ppl 11.66)  val 2.4840 (ppl 11.99)  val(topk) 2.4998 (ppl 12.18)  L_I 0.0567  best 2.4840@800 (0/20)
[train] step   800  loss 2.4686  L_I 0.0562  phase 2  lr 2.99e-04  grad 0.52  tok/s 100,338
[train] step   850  loss 2.4761  L_I 0.0490  phase 2  lr 2.99e-04  grad 0.60  tok/s 112,634
[eval]  step   900  train 2.4336 (ppl 11.40)  val 2.4253 (ppl 11.31)  val(topk) 2.4370 (ppl 11.44)  L_I 0.0467  best 2.4253@900 (0/20)
[train] step   900  loss 2.3925  L_I 0.0504  phase 2  lr 2.99e-04  grad 0.66  tok/s 99,814
[train] step   950  loss 2.4138  L_I 0.0515  phase 2  lr 2.99e-04  grad 0.61  tok/s 112,404
[eval]  step  1000  train 2.3739 (ppl 10.74)  val 2.3957 (ppl 10.98)  val(topk) 2.4096 (ppl 11.13)  L_I 0.0481  best 2.3957@1000 (0/20)
[train] step  1000  loss 2.4093  L_I 0.0465  phase 2  lr 2.98e-04  grad 0.54  tok/s 99,445
[train] step  1050  loss 2.3813  L_I 0.0423  phase 2  lr 2.98e-04  grad 0.56  tok/s 111,764
[eval]  step  1100  train 2.3582 (ppl 10.57)  val 2.3253 (ppl 10.23)  val(topk) 2.3417 (ppl 10.40)  L_I 0.0495  best 2.3253@1100 (0/20)
[train] step  1100  loss 2.3607  L_I 0.0528  phase 2  lr 2.97e-04  grad 0.60  tok/s 99,271
[train] step  1150  loss 2.3160  L_I 0.0496  phase 2  lr 2.97e-04  grad 0.69  tok/s 112,032
[eval]  step  1200  train 2.2720 (ppl 9.70)  val 2.2952 (ppl 9.93)  val(topk) 2.3204 (ppl 10.18)  L_I 0.0487  best 2.2952@1200 (0/20)
[train] step  1200  loss 2.3017  L_I 0.0472  phase 2  lr 2.96e-04  grad 0.76  tok/s 100,250
[train] step  1250  loss 2.2681  L_I 0.0424  phase 2  lr 2.96e-04  grad 0.66  tok/s 111,741
[eval]  step  1300  train 2.2076 (ppl 9.09)  val 2.2227 (ppl 9.23)  val(topk) 2.2599 (ppl 9.58)  L_I 0.0440  best 2.2227@1300 (0/20)
[train] step  1300  loss 2.2900  L_I 0.0424  phase 2  lr 2.95e-04  grad 0.67  tok/s 100,067
[train] step  1350  loss 2.0145  L_I 0.0453  phase 2  lr 2.95e-04  grad 0.69  tok/s 111,384
[eval]  step  1400  train 2.1614 (ppl 8.68)  val 2.1557 (ppl 8.63)  val(topk) 2.2094 (ppl 9.11)  L_I 0.0462  best 2.1557@1400 (0/20)
[train] step  1400  loss 2.1899  L_I 0.0450  phase 2  lr 2.94e-04  grad 0.83  tok/s 99,876
[train] step  1450  loss 2.1853  L_I 0.0437  phase 2  lr 2.93e-04  grad 0.73  tok/s 111,797
[eval]  step  1500  train 2.0986 (ppl 8.16)  val 2.1279 (ppl 8.40)  val(topk) 2.1953 (ppl 8.98)  L_I 0.0433  best 2.1279@1500 (0/20)
[train] step  1500  loss 2.0205  L_I 0.0447  phase 2  lr 2.93e-04  grad 0.87  tok/s 100,649
[train] step  1550  loss 2.0250  L_I 0.0461  phase 2  lr 2.92e-04  grad 0.78  tok/s 112,536
[eval]  step  1600  train 2.0622 (ppl 7.86)  val 2.0545 (ppl 7.80)  val(topk) 2.1458 (ppl 8.55)  L_I 0.0478  best 2.0545@1600 (0/20)
[train] step  1600  loss 2.0728  L_I 0.0495  phase 2  lr 2.91e-04  grad 1.10  tok/s 100,844
[train] step  1650  loss 1.9977  L_I 0.0493  phase 2  lr 2.90e-04  grad 0.95  tok/s 111,640
[eval]  step  1700  train 1.9670 (ppl 7.15)  val 1.9916 (ppl 7.33)  val(topk) 2.1000 (ppl 8.17)  L_I 0.0505  best 1.9916@1700 (0/20)
[train] step  1700  loss 1.9819  L_I 0.0495  phase 2  lr 2.90e-04  grad 0.92  tok/s 98,976
[train] step  1750  loss 1.9809  L_I 0.0532  phase 2  lr 2.89e-04  grad 0.99  tok/s 112,397
[eval]  step  1800  train 1.9044 (ppl 6.72)  val 1.8900 (ppl 6.62)  val(topk) 2.0105 (ppl 7.47)  L_I 0.0531  best 1.8900@1800 (0/20)
[train] step  1800  loss 1.9586  L_I 0.0529  phase 2  lr 2.88e-04  grad 0.86  tok/s 99,709
[train] step  1850  loss 1.9384  L_I 0.0522  phase 2  lr 2.87e-04  grad 0.96  tok/s 112,504
[eval]  step  1900  train 1.8291 (ppl 6.23)  val 1.8336 (ppl 6.26)  val(topk) 1.9659 (ppl 7.14)  L_I 0.0523  best 1.8336@1900 (0/20)
[train] step  1900  loss 1.8639  L_I 0.0531  phase 2  lr 2.86e-04  grad 0.86  tok/s 100,448
[train] step  1950  loss 1.8894  L_I 0.0530  phase 2  lr 2.85e-04  grad 0.92  tok/s 112,619
[eval]  step  2000  train 1.8107 (ppl 6.11)  val 1.8171 (ppl 6.15)  val(topk) 1.9601 (ppl 7.10)  L_I 0.0531  best 1.8171@2000 (0/20)
[train] step  2000  loss 1.8511  L_I 0.0533  phase 2  lr 2.84e-04  grad 0.87  tok/s 100,605
[train] step  2050  loss 1.7493  L_I 0.0531  phase 2  lr 2.83e-04  grad 0.88  tok/s 112,221
[eval]  step  2100  train 1.7777 (ppl 5.92)  val 1.7737 (ppl 5.89)  val(topk) 1.9171 (ppl 6.80)  L_I 0.0513  best 1.7737@2100 (0/20)
[train] step  2100  loss 1.7316  L_I 0.0532  phase 2  lr 2.82e-04  grad 0.90  tok/s 100,402
[train] step  2150  loss 1.7868  L_I 0.0567  phase 2  lr 2.80e-04  grad 0.84  tok/s 112,242
[eval]  step  2200  train 1.7437 (ppl 5.72)  val 1.7175 (ppl 5.57)  val(topk) 1.8758 (ppl 6.53)  L_I 0.0555  best 1.7175@2200 (0/20)
[train] step  2200  loss 1.7152  L_I 0.0536  phase 2  lr 2.79e-04  grad 0.85  tok/s 99,812
[train] step  2250  loss 1.7142  L_I 0.0566  phase 2  lr 2.78e-04  grad 0.80  tok/s 111,746
[eval]  step  2300  train 1.7108 (ppl 5.53)  val 1.6906 (ppl 5.42)  val(topk) 1.8565 (ppl 6.40)  L_I 0.0556  best 1.6906@2300 (0/20)
[train] step  2300  loss 1.7139  L_I 0.0532  phase 2  lr 2.77e-04  grad 0.83  tok/s 99,773
[train] step  2350  loss 1.6418  L_I 0.0554  phase 2  lr 2.76e-04  grad 0.77  tok/s 112,305
[eval]  step  2400  train 1.6473 (ppl 5.19)  val 1.6918 (ppl 5.43)  val(topk) 1.8661 (ppl 6.46)  L_I 0.0549  best 1.6906@2300 (1/20)
[train] step  2400  loss 1.6390  L_I 0.0543  phase 2  lr 2.74e-04  grad 0.74  tok/s 100,253
[train] step  2450  loss 1.6605  L_I 0.0542  phase 2  lr 2.73e-04  grad 0.79  tok/s 112,135
[eval]  step  2500  train 1.6214 (ppl 5.06)  val 1.6660 (ppl 5.29)  val(topk) 1.8463 (ppl 6.34)  L_I 0.0566  best 1.6660@2500 (0/20)
[train] step  2500  loss 1.6522  L_I 0.0548  phase 2  lr 2.72e-04  grad 0.74  tok/s 99,281
[train] step  2550  loss 1.6266  L_I 0.0538  phase 2  lr 2.70e-04  grad 0.79  tok/s 112,812
[eval]  step  2600  train 1.6177 (ppl 5.04)  val 1.6388 (ppl 5.15)  val(topk) 1.8104 (ppl 6.11)  L_I 0.0562  best 1.6388@2600 (0/20)
[train] step  2600  loss 1.6353  L_I 0.0557  phase 2  lr 2.69e-04  grad 0.71  tok/s 99,035
[train] step  2650  loss 1.5543  L_I 0.0562  phase 2  lr 2.67e-04  grad 0.78  tok/s 111,744
[eval]  step  2700  train 1.6172 (ppl 5.04)  val 1.6109 (ppl 5.01)  val(topk) 1.7884 (ppl 5.98)  L_I 0.0577  best 1.6109@2700 (0/20)
[train] step  2700  loss 1.7026  L_I 0.0562  phase 2  lr 2.66e-04  grad 0.67  tok/s 99,400
[train] step  2750  loss 1.5974  L_I 0.0584  phase 2  lr 2.64e-04  grad 0.80  tok/s 111,039
[eval]  step  2800  train 1.5667 (ppl 4.79)  val 1.6096 (ppl 5.00)  val(topk) 1.7727 (ppl 5.89)  L_I 0.0578  best 1.6096@2800 (0/20)
[train] step  2800  loss 1.6522  L_I 0.0561  phase 2  lr 2.63e-04  grad 0.68  tok/s 99,281
[train] step  2850  loss 1.5808  L_I 0.0559  phase 2  lr 2.61e-04  grad 0.65  tok/s 111,882
[eval]  step  2900  train 1.5695 (ppl 4.80)  val 1.5618 (ppl 4.77)  val(topk) 1.7351 (ppl 5.67)  L_I 0.0581  best 1.5618@2900 (0/20)
[train] step  2900  loss 1.5275  L_I 0.0573  phase 2  lr 2.60e-04  grad 0.72  tok/s 99,687
[train] step  2950  loss 1.4665  L_I 0.0593  phase 2  lr 2.58e-04  grad 0.74  tok/s 112,183
[eval]  step  3000  train 1.5920 (ppl 4.91)  val 1.5777 (ppl 4.84)  val(topk) 1.7535 (ppl 5.77)  L_I 0.0557  best 1.5618@2900 (1/20)
[train] step  3000  loss 1.6003  L_I 0.0545  phase 2  lr 2.56e-04  grad 0.66  tok/s 100,406
[train] step  3050  loss 1.6234  L_I 0.0566  phase 2  lr 2.55e-04  grad 0.65  tok/s 111,885
[eval]  step  3100  train 1.5666 (ppl 4.79)  val 1.5385 (ppl 4.66)  val(topk) 1.7022 (ppl 5.49)  L_I 0.0593  best 1.5385@3100 (0/20)
[train] step  3100  loss 1.4975  L_I 0.0601  phase 2  lr 2.53e-04  grad 0.72  tok/s 99,634
[train] step  3150  loss 1.4968  L_I 0.0551  phase 2  lr 2.51e-04  grad 0.62  tok/s 111,493
[eval]  step  3200  train 1.5593 (ppl 4.76)  val 1.5848 (ppl 4.88)  val(topk) 1.7549 (ppl 5.78)  L_I 0.0566  best 1.5385@3100 (1/20)
[train] step  3200  loss 1.5259  L_I 0.0569  phase 2  lr 2.50e-04  grad 0.66  tok/s 99,798
[train] step  3250  loss 1.6329  L_I 0.0535  phase 2  lr 2.48e-04  grad 0.65  tok/s 112,970
[eval]  step  3300  train 1.5528 (ppl 4.72)  val 1.5635 (ppl 4.78)  val(topk) 1.7371 (ppl 5.68)  L_I 0.0566  best 1.5385@3100 (2/20)
[train] step  3300  loss 1.5050  L_I 0.0575  phase 2  lr 2.46e-04  grad 0.64  tok/s 100,812
[train] step  3350  loss 1.5221  L_I 0.0606  phase 2  lr 2.44e-04  grad 0.64  tok/s 112,640
[eval]  step  3400  train 1.5089 (ppl 4.52)  val 1.5403 (ppl 4.67)  val(topk) 1.7006 (ppl 5.48)  L_I 0.0555  best 1.5385@3100 (3/20)
[train] step  3400  loss 1.4861  L_I 0.0583  phase 2  lr 2.43e-04  grad 0.67  tok/s 100,750
[train] step  3450  loss 1.4445  L_I 0.0560  phase 2  lr 2.41e-04  grad 0.67  tok/s 112,507
[eval]  step  3500  train 1.5285 (ppl 4.61)  val 1.5354 (ppl 4.64)  val(topk) 1.6954 (ppl 5.45)  L_I 0.0560  best 1.5354@3500 (0/20)
[train] step  3500  loss 1.5340  L_I 0.0552  phase 2  lr 2.39e-04  grad 0.61  tok/s 99,065
[train] step  3550  loss 1.5748  L_I 0.0544  phase 2  lr 2.37e-04  grad 0.63  tok/s 111,749
[eval]  step  3600  train 1.5012 (ppl 4.49)  val 1.5275 (ppl 4.61)  val(topk) 1.7017 (ppl 5.48)  L_I 0.0568  best 1.5275@3600 (0/20)
[train] step  3600  loss 1.5204  L_I 0.0558  phase 2  lr 2.35e-04  grad 0.62  tok/s 99,642
[train] step  3650  loss 1.5058  L_I 0.0561  phase 2  lr 2.33e-04  grad 0.66  tok/s 111,839
[eval]  step  3700  train 1.5054 (ppl 4.51)  val 1.5337 (ppl 4.64)  val(topk) 1.7079 (ppl 5.52)  L_I 0.0548  best 1.5275@3600 (1/20)
[train] step  3700  loss 1.5496  L_I 0.0533  phase 2  lr 2.31e-04  grad 0.61  tok/s 99,647
[train] step  3750  loss 1.4121  L_I 0.0562  phase 2  lr 2.29e-04  grad 0.58  tok/s 113,110
[eval]  step  3800  train 1.4852 (ppl 4.42)  val 1.4912 (ppl 4.44)  val(topk) 1.6646 (ppl 5.28)  L_I 0.0567  best 1.4912@3800 (0/20)
[train] step  3800  loss 1.4603  L_I 0.0569  phase 2  lr 2.27e-04  grad 0.69  tok/s 100,053
[train] step  3850  loss 1.4604  L_I 0.0545  phase 2  lr 2.25e-04  grad 0.65  tok/s 112,620
[eval]  step  3900  train 1.4818 (ppl 4.40)  val 1.5220 (ppl 4.58)  val(topk) 1.6960 (ppl 5.45)  L_I 0.0559  best 1.4912@3800 (1/20)
[train] step  3900  loss 1.4954  L_I 0.0554  phase 2  lr 2.23e-04  grad 0.61  tok/s 99,417
[train] step  3950  loss 1.4954  L_I 0.0559  phase 2  lr 2.21e-04  grad 0.61  tok/s 112,001
[eval]  step  4000  train 1.4827 (ppl 4.41)  val 1.4939 (ppl 4.45)  val(topk) 1.6708 (ppl 5.32)  L_I 0.0558  best 1.4912@3800 (2/20)
[train] step  4000  loss 1.5296  L_I 0.0551  phase 2  lr 2.19e-04  grad 0.57  tok/s 100,474
[train] step  4050  loss 1.5205  L_I 0.0544  phase 2  lr 2.17e-04  grad 0.59  tok/s 112,242
[eval]  step  4100  train 1.4593 (ppl 4.30)  val 1.4730 (ppl 4.36)  val(topk) 1.6625 (ppl 5.27)  L_I 0.0552  best 1.4730@4100 (0/20)
[train] step  4100  loss 1.4565  L_I 0.0558  phase 2  lr 2.15e-04  grad 0.56  tok/s 100,261
[train] step  4150  loss 1.5163  L_I 0.0573  phase 2  lr 2.13e-04  grad 0.61  tok/s 112,063
[eval]  step  4200  train 1.4392 (ppl 4.22)  val 1.4820 (ppl 4.40)  val(topk) 1.6590 (ppl 5.25)  L_I 0.0547  best 1.4730@4100 (1/20)
[train] step  4200  loss 1.4430  L_I 0.0564  phase 2  lr 2.11e-04  grad 0.64  tok/s 100,863
[train] step  4250  loss 1.4236  L_I 0.0553  phase 2  lr 2.09e-04  grad 0.57  tok/s 112,347
[eval]  step  4300  train 1.4388 (ppl 4.22)  val 1.4781 (ppl 4.38)  val(topk) 1.6548 (ppl 5.23)  L_I 0.0543  best 1.4730@4100 (2/20)
[train] step  4300  loss 1.4666  L_I 0.0538  phase 2  lr 2.07e-04  grad 0.59  tok/s 100,434
[train] step  4350  loss 1.4376  L_I 0.0544  phase 2  lr 2.05e-04  grad 0.61  tok/s 112,451
[eval]  step  4400  train 1.4782 (ppl 4.38)  val 1.4706 (ppl 4.35)  val(topk) 1.6463 (ppl 5.19)  L_I 0.0566  best 1.4706@4400 (0/20)
[train] step  4400  loss 1.4805  L_I 0.0588  phase 2  lr 2.02e-04  grad 0.60  tok/s 99,977
[train] step  4450  loss 1.4905  L_I 0.0572  phase 2  lr 2.00e-04  grad 0.57  tok/s 112,214
[eval]  step  4500  train 1.4439 (ppl 4.24)  val 1.4725 (ppl 4.36)  val(topk) 1.6502 (ppl 5.21)  L_I 0.0552  best 1.4706@4400 (1/20)
[train] step  4500  loss 1.4492  L_I 0.0545  phase 2  lr 1.98e-04  grad 0.55  tok/s 100,666
[train] step  4550  loss 1.4158  L_I 0.0579  phase 2  lr 1.96e-04  grad 0.64  tok/s 112,404
[eval]  step  4600  train 1.4493 (ppl 4.26)  val 1.4725 (ppl 4.36)  val(topk) 1.6635 (ppl 5.28)  L_I 0.0554  best 1.4706@4400 (2/20)
[train] step  4600  loss 1.4569  L_I 0.0558  phase 2  lr 1.94e-04  grad 0.66  tok/s 100,432
[train] step  4650  loss 1.5337  L_I 0.0548  phase 2  lr 1.92e-04  grad 0.59  tok/s 112,422
[eval]  step  4700  train 1.4403 (ppl 4.22)  val 1.4504 (ppl 4.26)  val(topk) 1.6348 (ppl 5.13)  L_I 0.0556  best 1.4504@4700 (0/20)
[train] step  4700  loss 1.4891  L_I 0.0540  phase 2  lr 1.89e-04  grad 0.53  tok/s 100,325
[train] step  4750  loss 1.3921  L_I 0.0551  phase 2  lr 1.87e-04  grad 0.53  tok/s 112,257
[eval]  step  4800  train 1.4313 (ppl 4.18)  val 1.4641 (ppl 4.32)  val(topk) 1.6624 (ppl 5.27)  L_I 0.0542  best 1.4504@4700 (1/20)
[train] step  4800  loss 1.4465  L_I 0.0548  phase 2  lr 1.85e-04  grad 0.57  tok/s 100,716
[train] step  4850  loss 1.3602  L_I 0.0549  phase 2  lr 1.83e-04  grad 0.54  tok/s 112,670
[eval]  step  4900  train 1.4648 (ppl 4.33)  val 1.4504 (ppl 4.26)  val(topk) 1.6263 (ppl 5.09)  L_I 0.0555  best 1.4504@4700 (2/20)
[train] step  4900  loss 1.4422  L_I 0.0544  phase 2  lr 1.81e-04  grad 0.55  tok/s 100,690
[train] step  4950  loss 1.4365  L_I 0.0567  phase 2  lr 1.78e-04  grad 0.58  tok/s 112,657
[eval]  step  5000  train 1.4221 (ppl 4.15)  val 1.4486 (ppl 4.26)  val(topk) 1.6393 (ppl 5.15)  L_I 0.0537  best 1.4486@5000 (0/20)
[train] step  5000  loss 1.4450  L_I 0.0533  phase 2  lr 1.76e-04  grad 0.60  tok/s 100,891
[train] step  5050  loss 1.4379  L_I 0.0546  phase 2  lr 1.74e-04  grad 0.53  tok/s 112,911
[eval]  step  5100  train 1.4443 (ppl 4.24)  val 1.4232 (ppl 4.15)  val(topk) 1.6120 (ppl 5.01)  L_I 0.0535  best 1.4232@5100 (0/20)
[train] step  5100  loss 1.3723  L_I 0.0583  phase 2  lr 1.72e-04  grad 0.56  tok/s 99,433
[train] step  5150  loss 1.4529  L_I 0.0535  phase 2  lr 1.69e-04  grad 0.54  tok/s 112,218
[eval]  step  5200  train 1.3843 (ppl 3.99)  val 1.4314 (ppl 4.18)  val(topk) 1.6302 (ppl 5.10)  L_I 0.0557  best 1.4232@5100 (1/20)
[train] step  5200  loss 1.3968  L_I 0.0550  phase 2  lr 1.67e-04  grad 0.55  tok/s 100,015
[train] step  5250  loss 1.3998  L_I 0.0534  phase 2  lr 1.65e-04  grad 0.55  tok/s 112,308
[eval]  step  5300  train 1.4415 (ppl 4.23)  val 1.4502 (ppl 4.26)  val(topk) 1.6472 (ppl 5.19)  L_I 0.0524  best 1.4232@5100 (2/20)
[train] step  5300  loss 1.4045  L_I 0.0524  phase 2  lr 1.63e-04  grad 0.57  tok/s 100,459
[train] step  5350  loss 1.2939  L_I 0.0550  phase 2  lr 1.61e-04  grad 0.55  tok/s 112,304
[eval]  step  5400  train 1.4000 (ppl 4.06)  val 1.4178 (ppl 4.13)  val(topk) 1.6159 (ppl 5.03)  L_I 0.0542  best 1.4178@5400 (0/20)
[train] step  5400  loss 1.4328  L_I 0.0522  phase 2  lr 1.58e-04  grad 0.59  tok/s 100,170
[train] step  5450  loss 1.3944  L_I 0.0535  phase 2  lr 1.56e-04  grad 0.57  tok/s 111,936
[eval]  step  5500  train 1.3970 (ppl 4.04)  val 1.3816 (ppl 3.98)  val(topk) 1.5803 (ppl 4.86)  L_I 0.0546  best 1.3816@5500 (0/20)
[train] step  5500  loss 1.4544  L_I 0.0552  phase 2  lr 1.54e-04  grad 0.56  tok/s 99,841
[train] step  5550  loss 1.4061  L_I 0.0512  phase 2  lr 1.52e-04  grad 0.54  tok/s 112,463
[eval]  step  5600  train 1.4157 (ppl 4.12)  val 1.4375 (ppl 4.21)  val(topk) 1.6312 (ppl 5.11)  L_I 0.0531  best 1.3816@5500 (1/20)
[train] step  5600  loss 1.4365  L_I 0.0546  phase 2  lr 1.49e-04  grad 0.54  tok/s 100,470
[train] step  5650  loss 1.3953  L_I 0.0534  phase 2  lr 1.47e-04  grad 0.56  tok/s 111,303
[eval]  step  5700  train 1.4212 (ppl 4.14)  val 1.4074 (ppl 4.09)  val(topk) 1.6140 (ppl 5.02)  L_I 0.0538  best 1.3816@5500 (2/20)
[train] step  5700  loss 1.4129  L_I 0.0530  phase 2  lr 1.45e-04  grad 0.53  tok/s 100,233
[train] step  5750  loss 1.3647  L_I 0.0536  phase 2  lr 1.43e-04  grad 0.59  tok/s 112,610
[eval]  step  5800  train 1.3905 (ppl 4.02)  val 1.4209 (ppl 4.14)  val(topk) 1.6229 (ppl 5.07)  L_I 0.0526  best 1.3816@5500 (3/20)
[train] step  5800  loss 1.4204  L_I 0.0515  phase 2  lr 1.41e-04  grad 0.57  tok/s 100,241
[train] step  5850  loss 1.4179  L_I 0.0552  phase 2  lr 1.38e-04  grad 0.60  tok/s 113,098
[eval]  step  5900  train 1.3998 (ppl 4.05)  val 1.4307 (ppl 4.18)  val(topk) 1.6414 (ppl 5.16)  L_I 0.0519  best 1.3816@5500 (4/20)
[train] step  5900  loss 1.4102  L_I 0.0542  phase 2  lr 1.36e-04  grad 0.58  tok/s 100,878
[train] step  5950  loss 1.4566  L_I 0.0512  phase 2  lr 1.34e-04  grad 0.57  tok/s 113,019
[eval]  step  6000  train 1.4149 (ppl 4.12)  val 1.4225 (ppl 4.15)  val(topk) 1.6395 (ppl 5.15)  L_I 0.0525  best 1.3816@5500 (5/20)
[train] step  6000  loss 1.3446  L_I 0.0528  phase 2  lr 1.32e-04  grad 0.56  tok/s 100,733
[train] step  6050  loss 1.3601  L_I 0.0533  phase 2  lr 1.30e-04  grad 0.55  tok/s 113,174
[eval]  step  6100  train 1.4253 (ppl 4.16)  val 1.4184 (ppl 4.13)  val(topk) 1.6328 (ppl 5.12)  L_I 0.0517  best 1.3816@5500 (6/20)
[train] step  6100  loss 1.3494  L_I 0.0515  phase 2  lr 1.28e-04  grad 0.55  tok/s 101,317
[train] step  6150  loss 1.4472  L_I 0.0500  phase 2  lr 1.25e-04  grad 0.55  tok/s 112,932
[eval]  step  6200  train 1.3760 (ppl 3.96)  val 1.4121 (ppl 4.10)  val(topk) 1.6263 (ppl 5.09)  L_I 0.0513  best 1.3816@5500 (7/20)
[train] step  6200  loss 1.4706  L_I 0.0521  phase 2  lr 1.23e-04  grad 0.58  tok/s 100,606
[train] step  6250  loss 1.3230  L_I 0.0535  phase 2  lr 1.21e-04  grad 0.58  tok/s 112,384
[eval]  step  6300  train 1.3917 (ppl 4.02)  val 1.4209 (ppl 4.14)  val(topk) 1.6315 (ppl 5.11)  L_I 0.0514  best 1.3816@5500 (8/20)
[train] step  6300  loss 1.3841  L_I 0.0515  phase 2  lr 1.19e-04  grad 0.51  tok/s 100,607
[train] step  6350  loss 1.3556  L_I 0.0495  phase 2  lr 1.17e-04  grad 0.56  tok/s 112,826
[eval]  step  6400  train 1.3976 (ppl 4.05)  val 1.3866 (ppl 4.00)  val(topk) 1.6053 (ppl 4.98)  L_I 0.0512  best 1.3816@5500 (9/20)
[train] step  6400  loss 1.4387  L_I 0.0511  phase 2  lr 1.15e-04  grad 0.56  tok/s 99,964
[train] step  6450  loss 1.2874  L_I 0.0507  phase 2  lr 1.13e-04  grad 0.55  tok/s 112,955
[eval]  step  6500  train 1.3940 (ppl 4.03)  val 1.4050 (ppl 4.08)  val(topk) 1.6327 (ppl 5.12)  L_I 0.0509  best 1.3816@5500 (10/20)
[train] step  6500  loss 1.3893  L_I 0.0498  phase 2  lr 1.11e-04  grad 0.61  tok/s 101,054
[train] step  6550  loss 1.3854  L_I 0.0493  phase 2  lr 1.09e-04  grad 0.56  tok/s 112,905
[eval]  step  6600  train 1.3924 (ppl 4.02)  val 1.4170 (ppl 4.12)  val(topk) 1.6385 (ppl 5.15)  L_I 0.0497  best 1.3816@5500 (11/20)
[train] step  6600  loss 1.3518  L_I 0.0529  phase 2  lr 1.07e-04  grad 0.52  tok/s 100,852
[train] step  6650  loss 1.4128  L_I 0.0493  phase 2  lr 1.05e-04  grad 0.60  tok/s 112,847
[eval]  step  6700  train 1.3962 (ppl 4.04)  val 1.4009 (ppl 4.06)  val(topk) 1.6256 (ppl 5.08)  L_I 0.0507  best 1.3816@5500 (12/20)
[train] step  6700  loss 1.3323  L_I 0.0511  phase 2  lr 1.03e-04  grad 0.56  tok/s 100,843
[train] step  6750  loss 1.4046  L_I 0.0498  phase 2  lr 1.01e-04  grad 0.64  tok/s 112,749
[eval]  step  6800  train 1.3788 (ppl 3.97)  val 1.3996 (ppl 4.05)  val(topk) 1.6310 (ppl 5.11)  L_I 0.0501  best 1.3816@5500 (13/20)
[train] step  6800  loss 1.3708  L_I 0.0472  phase 2  lr 9.88e-05  grad 0.57  tok/s 100,513
[train] step  6850  loss 1.3698  L_I 0.0504  phase 2  lr 9.69e-05  grad 0.56  tok/s 112,637
[eval]  step  6900  train 1.3652 (ppl 3.92)  val 1.3968 (ppl 4.04)  val(topk) 1.6218 (ppl 5.06)  L_I 0.0489  best 1.3816@5500 (14/20)
[train] step  6900  loss 1.4085  L_I 0.0497  phase 2  lr 9.49e-05  grad 0.62  tok/s 100,685
[train] step  6950  loss 1.3459  L_I 0.0512  phase 2  lr 9.30e-05  grad 0.57  tok/s 111,444
[eval]  step  7000  train 1.3625 (ppl 3.91)  val 1.4080 (ppl 4.09)  val(topk) 1.6388 (ppl 5.15)  L_I 0.0489  best 1.3816@5500 (15/20)
[train] step  7000  loss 1.3277  L_I 0.0497  phase 2  lr 9.12e-05  grad 0.59  tok/s 100,813
[train] step  7050  loss 1.3767  L_I 0.0493  phase 2  lr 8.93e-05  grad 0.58  tok/s 112,612
[eval]  step  7100  train 1.3780 (ppl 3.97)  val 1.4069 (ppl 4.08)  val(topk) 1.6394 (ppl 5.15)  L_I 0.0494  best 1.3816@5500 (16/20)
[train] step  7100  loss 1.4258  L_I 0.0488  phase 2  lr 8.75e-05  grad 0.61  tok/s 100,187
[train] step  7150  loss 1.4217  L_I 0.0465  phase 2  lr 8.56e-05  grad 0.57  tok/s 113,191
[eval]  step  7200  train 1.3401 (ppl 3.82)  val 1.3995 (ppl 4.05)  val(topk) 1.6367 (ppl 5.14)  L_I 0.0481  best 1.3816@5500 (17/20)
[train] step  7200  loss 1.3221  L_I 0.0493  phase 2  lr 8.39e-05  grad 0.65  tok/s 100,405
[train] step  7250  loss 1.4149  L_I 0.0481  phase 2  lr 8.21e-05  grad 0.56  tok/s 113,331
[eval]  step  7300  train 1.3796 (ppl 3.97)  val 1.4118 (ppl 4.10)  val(topk) 1.6377 (ppl 5.14)  L_I 0.0486  best 1.3816@5500 (18/20)
[train] step  7300  loss 1.4105  L_I 0.0470  phase 2  lr 8.03e-05  grad 0.61  tok/s 101,356
[train] step  7350  loss 1.4054  L_I 0.0468  phase 2  lr 7.86e-05  grad 0.59  tok/s 113,233
[eval]  step  7400  train 1.3861 (ppl 4.00)  val 1.3985 (ppl 4.05)  val(topk) 1.6333 (ppl 5.12)  L_I 0.0479  best 1.3816@5500 (19/20)
[train] step  7400  loss 1.4291  L_I 0.0474  phase 2  lr 7.69e-05  grad 0.56  tok/s 100,467
[train] step  7450  loss 1.3536  L_I 0.0475  phase 2  lr 7.52e-05  grad 0.57  tok/s 112,661
[eval]  step  7500  train 1.4004 (ppl 4.06)  val 1.3705 (ppl 3.94)  val(topk) 1.6010 (ppl 4.96)  L_I 0.0487  best 1.3705@7500 (0/20)
[train] step  7500  loss 1.3180  L_I 0.0495  phase 2  lr 7.36e-05  grad 0.55  tok/s 100,794
[train] step  7550  loss 1.4050  L_I 0.0488  phase 2  lr 7.19e-05  grad 0.54  tok/s 112,626
[eval]  step  7600  train 1.3619 (ppl 3.90)  val 1.3726 (ppl 3.95)  val(topk) 1.6190 (ppl 5.05)  L_I 0.0463  best 1.3705@7500 (1/20)
[train] step  7600  loss 1.3217  L_I 0.0490  phase 2  lr 7.03e-05  grad 0.60  tok/s 100,908
[train] step  7650  loss 1.3620  L_I 0.0455  phase 2  lr 6.88e-05  grad 0.56  tok/s 112,638
[eval]  step  7700  train 1.3789 (ppl 3.97)  val 1.3619 (ppl 3.90)  val(topk) 1.6057 (ppl 4.98)  L_I 0.0464  best 1.3619@7700 (0/20)
[train] step  7700  loss 1.3083  L_I 0.0489  phase 2  lr 6.72e-05  grad 0.61  tok/s 100,433
[train] step  7750  loss 1.4452  L_I 0.0484  phase 2  lr 6.57e-05  grad 0.60  tok/s 112,557
[eval]  step  7800  train 1.3889 (ppl 4.01)  val 1.3878 (ppl 4.01)  val(topk) 1.6287 (ppl 5.10)  L_I 0.0487  best 1.3619@7700 (1/20)
[train] step  7800  loss 1.3068  L_I 0.0480  phase 2  lr 6.42e-05  grad 0.57  tok/s 100,631
[train] step  7850  loss 1.3398  L_I 0.0494  phase 2  lr 6.27e-05  grad 0.62  tok/s 113,407
[eval]  step  7900  train 1.3804 (ppl 3.98)  val 1.3899 (ppl 4.01)  val(topk) 1.6392 (ppl 5.15)  L_I 0.0467  best 1.3619@7700 (2/20)
[train] step  7900  loss 1.4236  L_I 0.0464  phase 2  lr 6.13e-05  grad 0.60  tok/s 101,530
[train] step  7950  loss 1.3666  L_I 0.0466  phase 2  lr 5.99e-05  grad 0.56  tok/s 113,426
[eval]  step  8000  train 1.3568 (ppl 3.88)  val 1.3849 (ppl 3.99)  val(topk) 1.6375 (ppl 5.14)  L_I 0.0464  best 1.3619@7700 (3/20)
[train] step  8000  loss 1.3711  L_I 0.0467  phase 2  lr 5.85e-05  grad 0.59  tok/s 91,313
[train] step  8050  loss 1.4053  L_I 0.0456  phase 2  lr 5.71e-05  grad 0.60  tok/s 92,870
[eval]  step  8100  train 1.3492 (ppl 3.85)  val 1.3941 (ppl 4.03)  val(topk) 1.6552 (ppl 5.23)  L_I 0.0460  best 1.3619@7700 (4/20)
[train] step  8100  loss 1.3862  L_I 0.0468  phase 2  lr 5.58e-05  grad 0.58  tok/s 84,990
[train] step  8150  loss 1.3250  L_I 0.0480  phase 2  lr 5.45e-05  grad 0.59  tok/s 100,402
[eval]  step  8200  train 1.3812 (ppl 3.98)  val 1.3839 (ppl 3.99)  val(topk) 1.6298 (ppl 5.10)  L_I 0.0462  best 1.3619@7700 (5/20)
[train] step  8200  loss 1.3715  L_I 0.0474  phase 2  lr 5.32e-05  grad 0.57  tok/s 100,770
[train] step  8250  loss 1.3973  L_I 0.0454  phase 2  lr 5.20e-05  grad 0.57  tok/s 112,488
[eval]  step  8300  train 1.3273 (ppl 3.77)  val 1.4013 (ppl 4.06)  val(topk) 1.6526 (ppl 5.22)  L_I 0.0465  best 1.3619@7700 (6/20)
[train] step  8300  loss 1.3489  L_I 0.0452  phase 2  lr 5.08e-05  grad 0.57  tok/s 100,847
[train] step  8350  loss 1.3975  L_I 0.0443  phase 2  lr 4.96e-05  grad 0.59  tok/s 112,730
[eval]  step  8400  train 1.3836 (ppl 3.99)  val 1.3509 (ppl 3.86)  val(topk) 1.6094 (ppl 5.00)  L_I 0.0452  best 1.3509@8400 (0/20)
[train] step  8400  loss 1.3651  L_I 0.0456  phase 2  lr 4.85e-05  grad 0.57  tok/s 99,772
[train] step  8450  loss 1.2798  L_I 0.0461  phase 2  lr 4.73e-05  grad 0.54  tok/s 111,245
[eval]  step  8500  train 1.3783 (ppl 3.97)  val 1.3877 (ppl 4.01)  val(topk) 1.6461 (ppl 5.19)  L_I 0.0449  best 1.3509@8400 (1/20)
[train] step  8500  loss 1.3652  L_I 0.0455  phase 2  lr 4.63e-05  grad 0.57  tok/s 99,814
[train] step  8550  loss 1.3523  L_I 0.0459  phase 2  lr 4.52e-05  grad 0.56  tok/s 111,379
[eval]  step  8600  train 1.3343 (ppl 3.80)  val 1.3649 (ppl 3.92)  val(topk) 1.6289 (ppl 5.10)  L_I 0.0458  best 1.3509@8400 (2/20)
[train] step  8600  loss 1.3628  L_I 0.0454  phase 2  lr 4.42e-05  grad 0.59  tok/s 99,533
[train] step  8650  loss 1.4311  L_I 0.0448  phase 2  lr 4.32e-05  grad 0.58  tok/s 110,357
[eval]  step  8700  train 1.3474 (ppl 3.85)  val 1.3552 (ppl 3.88)  val(topk) 1.6168 (ppl 5.04)  L_I 0.0463  best 1.3509@8400 (3/20)
[train] step  8700  loss 1.3696  L_I 0.0466  phase 2  lr 4.23e-05  grad 0.60  tok/s 99,054
[train] step  8750  loss 1.3965  L_I 0.0484  phase 2  lr 4.14e-05  grad 0.59  tok/s 111,223
[eval]  step  8800  train 1.3478 (ppl 3.85)  val 1.4038 (ppl 4.07)  val(topk) 1.6567 (ppl 5.24)  L_I 0.0458  best 1.3509@8400 (4/20)
[train] step  8800  loss 1.4124  L_I 0.0436  phase 2  lr 4.05e-05  grad 0.57  tok/s 99,627
[train] step  8850  loss 1.2914  L_I 0.0453  phase 2  lr 3.96e-05  grad 0.58  tok/s 110,710
[eval]  step  8900  train 1.3463 (ppl 3.84)  val 1.3627 (ppl 3.91)  val(topk) 1.6352 (ppl 5.13)  L_I 0.0457  best 1.3509@8400 (5/20)
[train] step  8900  loss 1.3060  L_I 0.0462  phase 2  lr 3.88e-05  grad 0.58  tok/s 99,808
[train] step  8950  loss 1.3132  L_I 0.0464  phase 2  lr 3.81e-05  grad 0.64  tok/s 111,652
[eval]  step  9000  train 1.3464 (ppl 3.84)  val 1.3592 (ppl 3.89)  val(topk) 1.6332 (ppl 5.12)  L_I 0.0448  best 1.3509@8400 (6/20)
[train] step  9000  loss 1.3605  L_I 0.0432  phase 2  lr 3.73e-05  grad 0.57  tok/s 100,202
[train] step  9050  loss 1.3288  L_I 0.0442  phase 2  lr 3.66e-05  grad 0.57  tok/s 112,099
[eval]  step  9100  train 1.3436 (ppl 3.83)  val 1.3701 (ppl 3.94)  val(topk) 1.6408 (ppl 5.16)  L_I 0.0457  best 1.3509@8400 (7/20)
[train] step  9100  loss 1.2829  L_I 0.0447  phase 2  lr 3.59e-05  grad 0.56  tok/s 99,429
[train] step  9150  loss 1.3811  L_I 0.0440  phase 2  lr 3.53e-05  grad 0.55  tok/s 111,103
[eval]  step  9200  train 1.3856 (ppl 4.00)  val 1.3567 (ppl 3.88)  val(topk) 1.6286 (ppl 5.10)  L_I 0.0439  best 1.3509@8400 (8/20)
[train] step  9200  loss 1.3771  L_I 0.0429  phase 2  lr 3.47e-05  grad 0.56  tok/s 99,666
[train] step  9250  loss 1.2974  L_I 0.0436  phase 2  lr 3.41e-05  grad 0.57  tok/s 112,090
[eval]  step  9300  train 1.3805 (ppl 3.98)  val 1.3501 (ppl 3.86)  val(topk) 1.6217 (ppl 5.06)  L_I 0.0444  best 1.3501@9300 (0/20)
[train] step  9300  loss 1.3321  L_I 0.0428  phase 2  lr 3.36e-05  grad 0.56  tok/s 100,322
[train] step  9350  loss 1.4378  L_I 0.0429  phase 2  lr 3.31e-05  grad 0.61  tok/s 111,678
[eval]  step  9400  train 1.3842 (ppl 3.99)  val 1.3340 (ppl 3.80)  val(topk) 1.6077 (ppl 4.99)  L_I 0.0437  best 1.3340@9400 (0/20)
[train] step  9400  loss 1.2699  L_I 0.0440  phase 2  lr 3.26e-05  grad 0.58  tok/s 101,024
[train] step  9450  loss 1.3581  L_I 0.0442  phase 2  lr 3.22e-05  grad 0.58  tok/s 112,897
[eval]  step  9500  train 1.3391 (ppl 3.82)  val 1.3710 (ppl 3.94)  val(topk) 1.6459 (ppl 5.19)  L_I 0.0436  best 1.3340@9400 (1/20)
[train] step  9500  loss 1.3384  L_I 0.0434  phase 2  lr 3.18e-05  grad 0.59  tok/s 101,251
[train] step  9550  loss 1.3784  L_I 0.0425  phase 2  lr 3.15e-05  grad 0.62  tok/s 112,746
[eval]  step  9600  train 1.3420 (ppl 3.83)  val 1.3543 (ppl 3.87)  val(topk) 1.6369 (ppl 5.14)  L_I 0.0437  best 1.3340@9400 (2/20)
[train] step  9600  loss 1.2857  L_I 0.0463  phase 2  lr 3.12e-05  grad 0.62  tok/s 100,395
[train] step  9650  loss 1.3734  L_I 0.0438  phase 2  lr 3.09e-05  grad 0.60  tok/s 112,991
[eval]  step  9700  train 1.3528 (ppl 3.87)  val 1.3601 (ppl 3.90)  val(topk) 1.6398 (ppl 5.15)  L_I 0.0439  best 1.3340@9400 (3/20)
[train] step  9700  loss 1.3570  L_I 0.0440  phase 2  lr 3.07e-05  grad 0.62  tok/s 100,986
[train] step  9750  loss 1.3715  L_I 0.0430  phase 2  lr 3.05e-05  grad 0.58  tok/s 112,812
[eval]  step  9800  train 1.3580 (ppl 3.89)  val 1.3662 (ppl 3.92)  val(topk) 1.6502 (ppl 5.21)  L_I 0.0438  best 1.3340@9400 (4/20)
[train] step  9800  loss 1.3580  L_I 0.0440  phase 2  lr 3.03e-05  grad 0.62  tok/s 100,531
[train] step  9850  loss 1.3304  L_I 0.0450  phase 2  lr 3.02e-05  grad 0.59  tok/s 112,892
[eval]  step  9900  train 1.3530 (ppl 3.87)  val 1.3700 (ppl 3.94)  val(topk) 1.6510 (ppl 5.21)  L_I 0.0430  best 1.3340@9400 (5/20)
[train] step  9900  loss 1.3384  L_I 0.0430  phase 2  lr 3.01e-05  grad 0.62  tok/s 100,930
[train] step  9950  loss 1.3769  L_I 0.0432  phase 2  lr 3.00e-05  grad 0.61  tok/s 113,233
[eval]  step 10000  train 1.3663 (ppl 3.92)  val 1.3719 (ppl 3.94)  val(topk) 1.6437 (ppl 5.17)  L_I 0.0430  best 1.3340@9400 (6/20)
[done] saved /home/ubuntu/mini-deepseek-v4/runs/stage-e-v3-csa-2k/final.pt  total 6110.5s  best_val=1.3340@step9400  (hit max_iters cap)
[final] reloaded best.pt from step 9400
[final] val: loss 1.3729  bpc 1.9806  ppl 3.95  (n_pos 4,989,404, windows 2441)  ||  topk: loss 1.6485  bpc 2.3783  ppl 5.20
[final] test: loss 1.3357  bpc 1.9270  ppl 3.80  (n_pos 4,989,404, windows 2441)  ||  topk: loss 1.6142  bpc 2.3288  ppl 5.02
=== 08:56:31 finished stage-e-v3-csa-2k ===
=== 08:56:31 launching stage-e-v3-vanilla-4k ===
[setup] device=cuda
[data]  enwiki8  vocab=205, train=90,000,000 tokens, val=5,000,000, test=5,000,000
[model] vanilla, params=12,273,408 (excl emb=10,621,824)
[run]   logging to /home/ubuntu/mini-deepseek-v4/runs/stage-e-v3-vanilla-4k
[opt]   amp=bf16, grad_accum_steps=16, effective_batch=32
[eval]  step     0  train 5.4120 (ppl 224.09)  val 5.4094 (ppl 223.49)  best 5.4094@0 (0/20)
[train] step    50  loss 3.6037  lr 6.12e-05  grad 1.83  tok/s 268,678
[eval]  step   100  train 2.9062 (ppl 18.29)  val 2.8918 (ppl 18.03)  best 2.8918@100 (0/20)
[train] step   100  loss 2.9478  lr 1.21e-04  grad 1.57  tok/s 281,204
[train] step   150  loss 2.6912  lr 1.81e-04  grad 0.74  tok/s 285,216
[eval]  step   200  train 2.6291 (ppl 13.86)  val 2.6295 (ppl 13.87)  best 2.6295@200 (0/20)
[train] step   200  loss 2.6175  lr 2.41e-04  grad 0.51  tok/s 280,969
[train] step   250  loss 2.5927  lr 3.00e-04  grad 0.41  tok/s 287,226
[eval]  step   300  train 2.5427 (ppl 12.71)  val 2.5471 (ppl 12.77)  best 2.5471@300 (0/20)
[train] step   300  loss 2.5271  lr 3.00e-04  grad 0.51  tok/s 279,804
[train] step   350  loss 2.4841  lr 3.00e-04  grad 0.76  tok/s 286,247
[eval]  step   400  train 2.4647 (ppl 11.76)  val 2.4448 (ppl 11.53)  best 2.4448@400 (0/20)
[train] step   400  loss 2.4429  lr 2.99e-04  grad 0.93  tok/s 282,107
[train] step   450  loss 2.3702  lr 2.99e-04  grad 0.83  tok/s 285,457
[eval]  step   500  train 2.3647 (ppl 10.64)  val 2.3471 (ppl 10.46)  best 2.3471@500 (0/20)
[train] step   500  loss 2.3498  lr 2.98e-04  grad 0.97  tok/s 281,551
[train] step   550  loss 2.2696  lr 2.97e-04  grad 1.16  tok/s 285,075
[eval]  step   600  train 2.1987 (ppl 9.01)  val 2.2127 (ppl 9.14)  best 2.2127@600 (0/20)
[train] step   600  loss 2.1623  lr 2.96e-04  grad 1.64  tok/s 280,233
[train] step   650  loss 2.1430  lr 2.95e-04  grad 1.42  tok/s 286,189
[eval]  step   700  train 2.0690 (ppl 7.92)  val 2.0807 (ppl 8.01)  best 2.0807@700 (0/20)
[train] step   700  loss 2.0342  lr 2.94e-04  grad 1.96  tok/s 280,785
[train] step   750  loss 1.9545  lr 2.93e-04  grad 1.85  tok/s 284,655
[eval]  step   800  train 1.8661 (ppl 6.46)  val 1.8724 (ppl 6.50)  best 1.8724@800 (0/20)
[train] step   800  loss 1.7780  lr 2.91e-04  grad 2.42  tok/s 280,069
[train] step   850  loss 1.6998  lr 2.90e-04  grad 2.03  tok/s 286,179
[eval]  step   900  train 1.7042 (ppl 5.50)  val 1.6945 (ppl 5.44)  best 1.6945@900 (0/20)
[train] step   900  loss 1.7428  lr 2.88e-04  grad 2.37  tok/s 281,718
[train] step   950  loss 1.6480  lr 2.86e-04  grad 2.04  tok/s 284,761
[eval]  step  1000  train 1.5457 (ppl 4.69)  val 1.5666 (ppl 4.79)  best 1.5666@1000 (0/20)
[train] step  1000  loss 1.5672  lr 2.84e-04  grad 2.56  tok/s 280,597
[train] step  1050  loss 1.4478  lr 2.82e-04  grad 1.99  tok/s 286,317
[eval]  step  1100  train 1.3816 (ppl 3.98)  val 1.4152 (ppl 4.12)  best 1.4152@1100 (0/20)
[train] step  1100  loss 1.4323  lr 2.79e-04  grad 1.91  tok/s 279,470
[train] step  1150  loss 1.3645  lr 2.77e-04  grad 1.80  tok/s 285,746
[eval]  step  1200  train 1.3222 (ppl 3.75)  val 1.2992 (ppl 3.67)  best 1.2992@1200 (0/20)
[train] step  1200  loss 1.3673  lr 2.74e-04  grad 1.84  tok/s 279,325
[train] step  1250  loss 1.2997  lr 2.72e-04  grad 1.42  tok/s 284,952
[eval]  step  1300  train 1.2954 (ppl 3.65)  val 1.3111 (ppl 3.71)  best 1.2992@1200 (1/20)
[train] step  1300  loss 1.2886  lr 2.69e-04  grad 1.42  tok/s 282,704
[train] step  1350  loss 1.2419  lr 2.66e-04  grad 1.99  tok/s 286,223
[eval]  step  1400  train 1.2181 (ppl 3.38)  val 1.2452 (ppl 3.47)  best 1.2452@1400 (0/20)
[train] step  1400  loss 1.1973  lr 2.63e-04  grad 1.39  tok/s 279,887
[train] step  1450  loss 1.2338  lr 2.60e-04  grad 1.22  tok/s 285,102
[eval]  step  1500  train 1.2019 (ppl 3.33)  val 1.2059 (ppl 3.34)  best 1.2059@1500 (0/20)
[train] step  1500  loss 1.2377  lr 2.56e-04  grad 1.77  tok/s 279,249
[train] step  1550  loss 1.1958  lr 2.53e-04  grad 1.23  tok/s 284,716
[eval]  step  1600  train 1.1880 (ppl 3.28)  val 1.1936 (ppl 3.30)  best 1.1936@1600 (0/20)
[train] step  1600  loss 1.2421  lr 2.50e-04  grad 1.30  tok/s 279,251
[train] step  1650  loss 1.1173  lr 2.46e-04  grad 1.40  tok/s 283,791
[eval]  step  1700  train 1.1380 (ppl 3.12)  val 1.1305 (ppl 3.10)  best 1.1305@1700 (0/20)
[train] step  1700  loss 1.1396  lr 2.43e-04  grad 1.22  tok/s 278,944
[train] step  1750  loss 1.2032  lr 2.39e-04  grad 1.36  tok/s 284,749
[eval]  step  1800  train 1.1335 (ppl 3.11)  val 1.1546 (ppl 3.17)  best 1.1305@1700 (1/20)
[train] step  1800  loss 1.1387  lr 2.35e-04  grad 1.25  tok/s 280,445
[train] step  1850  loss 1.2000  lr 2.31e-04  grad 1.15  tok/s 284,340
[eval]  step  1900  train 1.1131 (ppl 3.04)  val 1.1422 (ppl 3.13)  best 1.1305@1700 (2/20)
[train] step  1900  loss 1.1085  lr 2.27e-04  grad 1.07  tok/s 280,574
[train] step  1950  loss 1.1152  lr 2.23e-04  grad 1.20  tok/s 284,979
[eval]  step  2000  train 1.1353 (ppl 3.11)  val 1.1243 (ppl 3.08)  best 1.1243@2000 (0/20)
[train] step  2000  loss 1.1079  lr 2.19e-04  grad 1.17  tok/s 278,503
[train] step  2050  loss 1.1034  lr 2.15e-04  grad 1.67  tok/s 284,455
[eval]  step  2100  train 1.1274 (ppl 3.09)  val 1.1308 (ppl 3.10)  best 1.1243@2000 (1/20)
[train] step  2100  loss 1.1271  lr 2.11e-04  grad 1.84  tok/s 280,792
[train] step  2150  loss 1.1315  lr 2.07e-04  grad 2.04  tok/s 284,234
[eval]  step  2200  train 1.1164 (ppl 3.05)  val 1.1221 (ppl 3.07)  best 1.1221@2200 (0/20)
[train] step  2200  loss 1.0919  lr 2.02e-04  grad 1.96  tok/s 280,539
[train] step  2250  loss 1.1232  lr 1.98e-04  grad 3.63  tok/s 285,301
[eval]  step  2300  train 1.1580 (ppl 3.18)  val 1.1536 (ppl 3.17)  best 1.1221@2200 (1/20)
[train] step  2300  loss 1.1612  lr 1.94e-04  grad 3.94  tok/s 280,538
[train] step  2350  loss 1.1108  lr 1.89e-04  grad 6.22  tok/s 285,826
[eval]  step  2400  train 1.2213 (ppl 3.39)  val 1.2227 (ppl 3.40)  best 1.1221@2200 (2/20)
[train] step  2400  loss 1.1761  lr 1.85e-04  grad 8.15  tok/s 280,603
[train] step  2450  loss 1.2038  lr 1.81e-04  grad 13.47  tok/s 284,835
[eval]  step  2500  train 1.2920 (ppl 3.64)  val 1.2053 (ppl 3.34)  best 1.1221@2200 (3/20)
[train] step  2500  loss 1.3171  lr 1.76e-04  grad 15.21  tok/s 281,090
[train] step  2550  loss 1.2576  lr 1.72e-04  grad 17.13  tok/s 285,042
[eval]  step  2600  train 1.2252 (ppl 3.40)  val 1.2479 (ppl 3.48)  best 1.1221@2200 (4/20)
[train] step  2600  loss 1.2029  lr 1.67e-04  grad 19.10  tok/s 281,573
[train] step  2650  loss 1.2622  lr 1.63e-04  grad 29.11  tok/s 284,668
[eval]  step  2700  train 1.2377 (ppl 3.45)  val 1.2662 (ppl 3.55)  best 1.1221@2200 (5/20)
[train] step  2700  loss 1.1638  lr 1.58e-04  grad 19.32  tok/s 281,748
[train] step  2750  loss 1.2072  lr 1.54e-04  grad 18.33  tok/s 285,628
[eval]  step  2800  train 1.2233 (ppl 3.40)  val 1.2506 (ppl 3.49)  best 1.1221@2200 (6/20)
[train] step  2800  loss 1.2088  lr 1.49e-04  grad 25.54  tok/s 281,364
[train] step  2850  loss 1.2037  lr 1.45e-04  grad 15.43  tok/s 285,854
[eval]  step  2900  train 1.2415 (ppl 3.46)  val 1.2712 (ppl 3.57)  best 1.1221@2200 (7/20)
[train] step  2900  loss 1.2584  lr 1.41e-04  grad 22.86  tok/s 281,868
[train] step  2950  loss 1.2491  lr 1.36e-04  grad 32.32  tok/s 285,109
[eval]  step  3000  train 1.2083 (ppl 3.35)  val 1.2294 (ppl 3.42)  best 1.1221@2200 (8/20)
[train] step  3000  loss 1.1501  lr 1.32e-04  grad 28.30  tok/s 280,058
[train] step  3050  loss 1.2069  lr 1.28e-04  grad 18.42  tok/s 284,880
[eval]  step  3100  train 1.2189 (ppl 3.38)  val 1.2253 (ppl 3.41)  best 1.1221@2200 (9/20)
[train] step  3100  loss 1.2040  lr 1.23e-04  grad 18.41  tok/s 280,359
[train] step  3150  loss 1.1816  lr 1.19e-04  grad 14.91  tok/s 284,217
[eval]  step  3200  train 1.1411 (ppl 3.13)  val 1.1771 (ppl 3.24)  best 1.1221@2200 (10/20)
[train] step  3200  loss 1.1082  lr 1.15e-04  grad 15.71  tok/s 280,329
[train] step  3250  loss 1.1637  lr 1.11e-04  grad 9.67  tok/s 285,594
[eval]  step  3300  train 1.1401 (ppl 3.13)  val 1.1629 (ppl 3.20)  best 1.1221@2200 (11/20)
[train] step  3300  loss 1.1422  lr 1.07e-04  grad 9.92  tok/s 281,170
[train] step  3350  loss 1.1699  lr 1.03e-04  grad 8.58  tok/s 287,331
[eval]  step  3400  train 1.1205 (ppl 3.07)  val 1.1187 (ppl 3.06)  best 1.1187@3400 (0/20)
[train] step  3400  loss 1.1238  lr 9.88e-05  grad 7.99  tok/s 280,223
[train] step  3450  loss 1.1132  lr 9.49e-05  grad 14.69  tok/s 286,117
[eval]  step  3500  train 1.1434 (ppl 3.14)  val 1.1488 (ppl 3.15)  best 1.1187@3400 (1/20)
[train] step  3500  loss 1.1175  lr 9.12e-05  grad 10.95  tok/s 281,754
[train] step  3550  loss 1.0660  lr 8.75e-05  grad 13.25  tok/s 284,168
[eval]  step  3600  train 1.1246 (ppl 3.08)  val 1.1324 (ppl 3.10)  best 1.1187@3400 (2/20)
[train] step  3600  loss 1.1081  lr 8.39e-05  grad 9.25  tok/s 280,830
[train] step  3650  loss 1.1010  lr 8.03e-05  grad 6.62  tok/s 285,858
[eval]  step  3700  train 1.0989 (ppl 3.00)  val 1.1139 (ppl 3.05)  best 1.1139@3700 (0/20)
[train] step  3700  loss 1.1377  lr 7.69e-05  grad 10.46  tok/s 280,063
[train] step  3750  loss 1.0978  lr 7.36e-05  grad 7.23  tok/s 284,879
[eval]  step  3800  train 1.0868 (ppl 2.96)  val 1.1140 (ppl 3.05)  best 1.1139@3700 (1/20)
[train] step  3800  loss 1.0305  lr 7.03e-05  grad 9.67  tok/s 279,460
[train] step  3850  loss 1.0566  lr 6.72e-05  grad 7.32  tok/s 284,690
[eval]  step  3900  train 1.1011 (ppl 3.01)  val 1.0822 (ppl 2.95)  best 1.0822@3900 (0/20)
[train] step  3900  loss 1.1169  lr 6.42e-05  grad 7.69  tok/s 279,639
[train] step  3950  loss 1.0321  lr 6.13e-05  grad 9.00  tok/s 287,197
[eval]  step  4000  train 1.0758 (ppl 2.93)  val 1.0921 (ppl 2.98)  best 1.0822@3900 (1/20)
[train] step  4000  loss 1.0867  lr 5.85e-05  grad 9.09  tok/s 281,706
[train] step  4050  loss 1.0394  lr 5.58e-05  grad 8.35  tok/s 285,097
[eval]  step  4100  train 1.0689 (ppl 2.91)  val 1.0948 (ppl 2.99)  best 1.0822@3900 (2/20)
[train] step  4100  loss 1.0734  lr 5.32e-05  grad 10.20  tok/s 280,901
[train] step  4150  loss 1.0667  lr 5.08e-05  grad 8.07  tok/s 286,986
[eval]  step  4200  train 1.0378 (ppl 2.82)  val 1.1080 (ppl 3.03)  best 1.0822@3900 (3/20)
[train] step  4200  loss 1.0515  lr 4.85e-05  grad 5.47  tok/s 280,925
[train] step  4250  loss 1.0902  lr 4.63e-05  grad 7.87  tok/s 285,171
[eval]  step  4300  train 1.0754 (ppl 2.93)  val 1.0666 (ppl 2.91)  best 1.0666@4300 (0/20)
[train] step  4300  loss 1.0766  lr 4.42e-05  grad 12.95  tok/s 279,333
[train] step  4350  loss 1.0686  lr 4.23e-05  grad 10.44  tok/s 286,907
[eval]  step  4400  train 1.0906 (ppl 2.98)  val 1.1131 (ppl 3.04)  best 1.0666@4300 (1/20)
[train] step  4400  loss 1.0204  lr 4.05e-05  grad 15.66  tok/s 281,176
[train] step  4450  loss 1.1139  lr 3.88e-05  grad 7.98  tok/s 285,701
[eval]  step  4500  train 1.0608 (ppl 2.89)  val 1.0649 (ppl 2.90)  best 1.0649@4500 (0/20)
[train] step  4500  loss 1.0908  lr 3.73e-05  grad 6.30  tok/s 279,069
[train] step  4550  loss 1.0123  lr 3.59e-05  grad 6.01  tok/s 284,922
[eval]  step  4600  train 1.0572 (ppl 2.88)  val 1.0663 (ppl 2.90)  best 1.0649@4500 (1/20)
[train] step  4600  loss 1.0831  lr 3.47e-05  grad 7.13  tok/s 281,036
[train] step  4650  loss 1.0689  lr 3.36e-05  grad 5.91  tok/s 285,013
[eval]  step  4700  train 1.0581 (ppl 2.88)  val 1.0915 (ppl 2.98)  best 1.0649@4500 (2/20)
[train] step  4700  loss 1.0642  lr 3.26e-05  grad 7.10  tok/s 281,300
[train] step  4750  loss 1.0723  lr 3.18e-05  grad 8.60  tok/s 284,949
[eval]  step  4800  train 1.0707 (ppl 2.92)  val 1.0793 (ppl 2.94)  best 1.0649@4500 (3/20)
[train] step  4800  loss 1.0082  lr 3.12e-05  grad 13.63  tok/s 279,788
[train] step  4850  loss 1.1288  lr 3.07e-05  grad 6.33  tok/s 284,476
[eval]  step  4900  train 1.0502 (ppl 2.86)  val 1.0286 (ppl 2.80)  best 1.0286@4900 (0/20)
[train] step  4900  loss 1.0086  lr 3.03e-05  grad 9.48  tok/s 278,496
[train] step  4950  loss 1.0716  lr 3.01e-05  grad 6.34  tok/s 284,075
[eval]  step  5000  train 1.0757 (ppl 2.93)  val 1.0814 (ppl 2.95)  best 1.0286@4900 (1/20)
[done] saved /home/ubuntu/mini-deepseek-v4/runs/stage-e-v3-vanilla-4k/final.pt  total 2317.7s  best_val=1.0286@step4900  (hit max_iters cap)
[final] reloaded best.pt from step 4900
[final] val: loss 1.0729  bpc 1.5479  ppl 2.92  (n_pos 4,997,120, windows 1220)
[final] test: loss 1.0437  bpc 1.5058  ppl 2.84  (n_pos 4,997,120, windows 1220)
=== 09:35:18 finished stage-e-v3-vanilla-4k ===
=== 09:35:18 launching stage-e-v3-csa-4k ===
[setup] device=cuda
[data]  enwiki8  vocab=205, train=90,000,000 tokens, val=5,000,000, test=5,000,000
[model] csa, params=11,511,552 (excl emb=9,859,968)
[run]   logging to /home/ubuntu/mini-deepseek-v4/runs/stage-e-v3-csa-4k
[opt]   amp=bf16, grad_accum_steps=16, effective_batch=32
[eval]  step     0  train 5.3181 (ppl 204.00)  val 5.3190 (ppl 204.18)  val(topk) 5.3322 (ppl 206.89)  L_I 0.0398  best 5.3190@0 (0/20)
[train] step    50  loss 5.3230  L_I 0.0283  phase 1  lr 6.12e-05  grad 0.03  tok/s 145,743
[eval]  step   100  train 5.3254 (ppl 205.50)  val 5.3256 (ppl 205.54)  val(topk) 5.3250 (ppl 205.41)  L_I 0.0229  best 5.3190@0 (1/20)
[train] step   100  loss 5.3236  L_I 0.0230  phase 1  lr 1.21e-04  grad 0.02  tok/s 149,866
[train] step   150  loss 5.3182  L_I 0.0196  phase 1  lr 1.81e-04  grad 0.04  tok/s 166,631
[eval]  step   200  train 5.3229 (ppl 204.98)  val 5.3192 (ppl 204.22)  val(topk) 5.3176 (ppl 203.88)  L_I 0.0163  best 5.3190@0 (2/20)
[train] step   200  loss 5.3109  L_I 0.0160  phase 1  lr 2.41e-04  grad 0.03  tok/s 149,226
[train] step   250  loss 5.3263  L_I 0.0136  phase 2  lr 3.00e-04  grad 11.86  tok/s 165,710
[eval]  step   300  train 2.8847 (ppl 17.90)  val 2.8773 (ppl 17.77)  val(topk) 2.8829 (ppl 17.87)  L_I 0.0588  best 2.8773@300 (0/20)
[train] step   300  loss 2.8891  L_I 0.0618  phase 2  lr 3.00e-04  grad 0.54  tok/s 103,439
[train] step   350  loss 2.6828  L_I 0.0683  phase 2  lr 3.00e-04  grad 0.51  tok/s 111,367
[eval]  step   400  train 2.6095 (ppl 13.59)  val 2.6106 (ppl 13.61)  val(topk) 2.6176 (ppl 13.70)  L_I 0.0641  best 2.6106@400 (0/20)
[train] step   400  loss 2.6040  L_I 0.0647  phase 2  lr 2.99e-04  grad 0.54  tok/s 103,210
[train] step   450  loss 2.5408  L_I 0.0793  phase 2  lr 2.99e-04  grad 0.53  tok/s 110,671
[eval]  step   500  train 2.5079 (ppl 12.28)  val 2.5281 (ppl 12.53)  val(topk) 2.5358 (ppl 12.63)  L_I 0.0679  best 2.5281@500 (0/20)
[train] step   500  loss 2.5429  L_I 0.0708  phase 2  lr 2.98e-04  grad 0.58  tok/s 99,091
[train] step   550  loss 2.4895  L_I 0.0664  phase 2  lr 2.97e-04  grad 0.62  tok/s 111,744
[eval]  step   600  train 2.4926 (ppl 12.09)  val 2.4701 (ppl 11.82)  val(topk) 2.4788 (ppl 11.93)  L_I 0.0563  best 2.4701@600 (0/20)
[train] step   600  loss 2.4468  L_I 0.0577  phase 2  lr 2.96e-04  grad 0.53  tok/s 103,176
[train] step   650  loss 2.4312  L_I 0.0601  phase 2  lr 2.95e-04  grad 0.61  tok/s 111,814
[eval]  step   700  train 2.4318 (ppl 11.38)  val 2.4361 (ppl 11.43)  val(topk) 2.4502 (ppl 11.59)  L_I 0.0547  best 2.4361@700 (0/20)
[train] step   700  loss 2.4185  L_I 0.0540  phase 2  lr 2.94e-04  grad 0.58  tok/s 103,373
[train] step   750  loss 2.4478  L_I 0.0527  phase 2  lr 2.93e-04  grad 0.58  tok/s 110,914
[eval]  step   800  train 2.3448 (ppl 10.43)  val 2.3840 (ppl 10.85)  val(topk) 2.3935 (ppl 10.95)  L_I 0.0485  best 2.3840@800 (0/20)
[train] step   800  loss 2.3806  L_I 0.0471  phase 2  lr 2.91e-04  grad 0.48  tok/s 103,613
[train] step   850  loss 2.3714  L_I 0.0512  phase 2  lr 2.90e-04  grad 0.52  tok/s 111,785
[eval]  step   900  train 2.3342 (ppl 10.32)  val 2.3178 (ppl 10.15)  val(topk) 2.3343 (ppl 10.32)  L_I 0.0516  best 2.3178@900 (0/20)
[train] step   900  loss 2.3328  L_I 0.0536  phase 2  lr 2.88e-04  grad 0.58  tok/s 103,064
[train] step   950  loss 2.3408  L_I 0.0465  phase 2  lr 2.86e-04  grad 0.60  tok/s 111,725
[eval]  step  1000  train 2.2829 (ppl 9.81)  val 2.3108 (ppl 10.08)  val(topk) 2.3285 (ppl 10.26)  L_I 0.0493  best 2.3108@1000 (0/20)
[train] step  1000  loss 2.3028  L_I 0.0479  phase 2  lr 2.84e-04  grad 0.64  tok/s 102,661
[train] step  1050  loss 2.2754  L_I 0.0478  phase 2  lr 2.82e-04  grad 0.79  tok/s 110,740
[eval]  step  1100  train 2.2210 (ppl 9.22)  val 2.2400 (ppl 9.39)  val(topk) 2.2739 (ppl 9.72)  L_I 0.0479  best 2.2400@1100 (0/20)
[train] step  1100  loss 2.2054  L_I 0.0480  phase 2  lr 2.79e-04  grad 0.88  tok/s 102,719
[train] step  1150  loss 2.1827  L_I 0.0467  phase 2  lr 2.77e-04  grad 0.77  tok/s 111,291
[eval]  step  1200  train 2.1467 (ppl 8.56)  val 2.1658 (ppl 8.72)  val(topk) 2.2136 (ppl 9.15)  L_I 0.0471  best 2.1658@1200 (0/20)
[train] step  1200  loss 2.1912  L_I 0.0445  phase 2  lr 2.74e-04  grad 0.98  tok/s 102,631
[train] step  1250  loss 2.1193  L_I 0.0441  phase 2  lr 2.72e-04  grad 1.12  tok/s 110,448
[eval]  step  1300  train 2.1216 (ppl 8.34)  val 2.1439 (ppl 8.53)  val(topk) 2.2069 (ppl 9.09)  L_I 0.0421  best 2.1439@1300 (0/20)
[train] step  1300  loss 2.1604  L_I 0.0429  phase 2  lr 2.69e-04  grad 1.31  tok/s 103,015
[train] step  1350  loss 2.0694  L_I 0.0428  phase 2  lr 2.66e-04  grad 1.96  tok/s 110,373
[eval]  step  1400  train 2.0317 (ppl 7.63)  val 2.0632 (ppl 7.87)  val(topk) 2.1393 (ppl 8.49)  L_I 0.0412  best 2.0632@1400 (0/20)
[train] step  1400  loss 2.0647  L_I 0.0405  phase 2  lr 2.63e-04  grad 1.01  tok/s 102,676
[train] step  1450  loss 2.0087  L_I 0.0425  phase 2  lr 2.60e-04  grad 1.13  tok/s 111,325
[eval]  step  1500  train 1.9616 (ppl 7.11)  val 1.9980 (ppl 7.37)  val(topk) 2.1008 (ppl 8.17)  L_I 0.0419  best 1.9980@1500 (0/20)
[train] step  1500  loss 1.9601  L_I 0.0431  phase 2  lr 2.56e-04  grad 0.99  tok/s 102,787
[train] step  1550  loss 2.0199  L_I 0.0411  phase 2  lr 2.53e-04  grad 1.75  tok/s 110,724
[eval]  step  1600  train 1.9446 (ppl 6.99)  val 1.8815 (ppl 6.56)  val(topk) 2.0050 (ppl 7.43)  L_I 0.0451  best 1.8815@1600 (0/20)
[train] step  1600  loss 1.9313  L_I 0.0426  phase 2  lr 2.50e-04  grad 1.20  tok/s 102,587
[train] step  1650  loss 1.9321  L_I 0.0421  phase 2  lr 2.46e-04  grad 1.36  tok/s 111,273
[eval]  step  1700  train 1.8808 (ppl 6.56)  val 1.8716 (ppl 6.50)  val(topk) 1.9993 (ppl 7.38)  L_I 0.0443  best 1.8716@1700 (0/20)
[train] step  1700  loss 1.8596  L_I 0.0432  phase 2  lr 2.43e-04  grad 1.25  tok/s 102,689
[train] step  1750  loss 1.8032  L_I 0.0449  phase 2  lr 2.39e-04  grad 1.29  tok/s 111,048
[eval]  step  1800  train 1.8167 (ppl 6.15)  val 1.8064 (ppl 6.09)  val(topk) 1.9511 (ppl 7.04)  L_I 0.0426  best 1.8064@1800 (0/20)
[train] step  1800  loss 1.8074  L_I 0.0429  phase 2  lr 2.35e-04  grad 1.28  tok/s 102,637
[train] step  1850  loss 1.7972  L_I 0.0431  phase 2  lr 2.31e-04  grad 1.34  tok/s 110,982
[eval]  step  1900  train 1.7428 (ppl 5.71)  val 1.7732 (ppl 5.89)  val(topk) 1.9405 (ppl 6.96)  L_I 0.0436  best 1.7732@1900 (0/20)
[train] step  1900  loss 1.7138  L_I 0.0441  phase 2  lr 2.27e-04  grad 1.18  tok/s 102,793
[train] step  1950  loss 1.7026  L_I 0.0443  phase 2  lr 2.23e-04  grad 1.22  tok/s 111,373
[eval]  step  2000  train 1.7392 (ppl 5.69)  val 1.7450 (ppl 5.73)  val(topk) 1.9148 (ppl 6.79)  L_I 0.0435  best 1.7450@2000 (0/20)
[train] step  2000  loss 1.7611  L_I 0.0447  phase 2  lr 2.19e-04  grad 0.98  tok/s 102,404
[train] step  2050  loss 1.7568  L_I 0.0416  phase 2  lr 2.15e-04  grad 1.18  tok/s 110,684
[eval]  step  2100  train 1.6738 (ppl 5.33)  val 1.7289 (ppl 5.63)  val(topk) 1.9149 (ppl 6.79)  L_I 0.0430  best 1.7289@2100 (0/20)
[train] step  2100  loss 1.7281  L_I 0.0430  phase 2  lr 2.11e-04  grad 1.11  tok/s 102,601
[train] step  2150  loss 1.7263  L_I 0.0430  phase 2  lr 2.07e-04  grad 1.07  tok/s 111,000
[eval]  step  2200  train 1.6420 (ppl 5.17)  val 1.6617 (ppl 5.27)  val(topk) 1.8461 (ppl 6.34)  L_I 0.0436  best 1.6617@2200 (0/20)
[train] step  2200  loss 1.6917  L_I 0.0446  phase 2  lr 2.02e-04  grad 1.29  tok/s 102,470
[train] step  2250  loss 1.5244  L_I 0.0438  phase 2  lr 1.98e-04  grad 0.90  tok/s 110,703
[eval]  step  2300  train 1.6316 (ppl 5.11)  val 1.6551 (ppl 5.23)  val(topk) 1.8432 (ppl 6.32)  L_I 0.0425  best 1.6551@2300 (0/20)
[train] step  2300  loss 1.7061  L_I 0.0421  phase 2  lr 1.94e-04  grad 1.08  tok/s 102,923
[train] step  2350  loss 1.6905  L_I 0.0414  phase 2  lr 1.89e-04  grad 0.87  tok/s 110,660
[eval]  step  2400  train 1.6433 (ppl 5.17)  val 1.6247 (ppl 5.08)  val(topk) 1.8204 (ppl 6.17)  L_I 0.0426  best 1.6247@2400 (0/20)
[train] step  2400  loss 1.6102  L_I 0.0433  phase 2  lr 1.85e-04  grad 0.95  tok/s 102,635
[train] step  2450  loss 1.5845  L_I 0.0448  phase 2  lr 1.81e-04  grad 0.86  tok/s 110,386
[eval]  step  2500  train 1.5795 (ppl 4.85)  val 1.5535 (ppl 4.73)  val(topk) 1.7608 (ppl 5.82)  L_I 0.0438  best 1.5535@2500 (0/20)
[train] step  2500  loss 1.5365  L_I 0.0437  phase 2  lr 1.76e-04  grad 0.90  tok/s 102,697
[train] step  2550  loss 1.5283  L_I 0.0439  phase 2  lr 1.72e-04  grad 0.80  tok/s 111,192
[eval]  step  2600  train 1.5317 (ppl 4.63)  val 1.5570 (ppl 4.74)  val(topk) 1.7706 (ppl 5.87)  L_I 0.0432  best 1.5535@2500 (1/20)
[train] step  2600  loss 1.5547  L_I 0.0436  phase 2  lr 1.67e-04  grad 0.81  tok/s 103,188
[train] step  2650  loss 1.5210  L_I 0.0438  phase 2  lr 1.63e-04  grad 0.89  tok/s 110,962
[eval]  step  2700  train 1.5650 (ppl 4.78)  val 1.5624 (ppl 4.77)  val(topk) 1.7862 (ppl 5.97)  L_I 0.0435  best 1.5535@2500 (2/20)
[train] step  2700  loss 1.6018  L_I 0.0424  phase 2  lr 1.58e-04  grad 0.85  tok/s 102,777
[train] step  2750  loss 1.5295  L_I 0.0425  phase 2  lr 1.54e-04  grad 0.79  tok/s 110,787
[eval]  step  2800  train 1.5796 (ppl 4.85)  val 1.5581 (ppl 4.75)  val(topk) 1.7934 (ppl 6.01)  L_I 0.0438  best 1.5535@2500 (3/20)
[train] step  2800  loss 1.5705  L_I 0.0435  phase 2  lr 1.49e-04  grad 0.86  tok/s 102,669
[train] step  2850  loss 1.5278  L_I 0.0430  phase 2  lr 1.45e-04  grad 0.91  tok/s 111,150
[eval]  step  2900  train 1.5229 (ppl 4.59)  val 1.5408 (ppl 4.67)  val(topk) 1.7774 (ppl 5.91)  L_I 0.0417  best 1.5408@2900 (0/20)
[train] step  2900  loss 1.5738  L_I 0.0437  phase 2  lr 1.41e-04  grad 0.82  tok/s 103,163
[train] step  2950  loss 1.5234  L_I 0.0420  phase 2  lr 1.36e-04  grad 0.74  tok/s 111,404
[eval]  step  3000  train 1.5410 (ppl 4.67)  val 1.5709 (ppl 4.81)  val(topk) 1.8101 (ppl 6.11)  L_I 0.0418  best 1.5408@2900 (1/20)
[train] step  3000  loss 1.4918  L_I 0.0421  phase 2  lr 1.32e-04  grad 0.82  tok/s 103,249
[train] step  3050  loss 1.4593  L_I 0.0419  phase 2  lr 1.28e-04  grad 0.70  tok/s 110,430
[eval]  step  3100  train 1.4851 (ppl 4.42)  val 1.5492 (ppl 4.71)  val(topk) 1.8013 (ppl 6.06)  L_I 0.0404  best 1.5408@2900 (2/20)
[train] step  3100  loss 1.4866  L_I 0.0412  phase 2  lr 1.23e-04  grad 0.75  tok/s 103,130
[train] step  3150  loss 1.4904  L_I 0.0413  phase 2  lr 1.19e-04  grad 0.87  tok/s 110,810
[eval]  step  3200  train 1.5440 (ppl 4.68)  val 1.5157 (ppl 4.55)  val(topk) 1.7646 (ppl 5.84)  L_I 0.0403  best 1.5157@3200 (0/20)
[train] step  3200  loss 1.4835  L_I 0.0429  phase 2  lr 1.15e-04  grad 0.72  tok/s 102,821
[train] step  3250  loss 1.5719  L_I 0.0391  phase 2  lr 1.11e-04  grad 0.74  tok/s 110,672
[eval]  step  3300  train 1.5135 (ppl 4.54)  val 1.5284 (ppl 4.61)  val(topk) 1.7876 (ppl 5.98)  L_I 0.0417  best 1.5157@3200 (1/20)
[train] step  3300  loss 1.5073  L_I 0.0396  phase 2  lr 1.07e-04  grad 0.73  tok/s 103,082
[train] step  3350  loss 1.4570  L_I 0.0415  phase 2  lr 1.03e-04  grad 0.79  tok/s 110,545
[eval]  step  3400  train 1.5153 (ppl 4.55)  val 1.4676 (ppl 4.34)  val(topk) 1.7459 (ppl 5.73)  L_I 0.0413  best 1.4676@3400 (0/20)
[train] step  3400  loss 1.5124  L_I 0.0397  phase 2  lr 9.88e-05  grad 0.78  tok/s 102,388
[train] step  3450  loss 1.4679  L_I 0.0411  phase 2  lr 9.49e-05  grad 0.71  tok/s 109,608
[eval]  step  3500  train 1.4632 (ppl 4.32)  val 1.4919 (ppl 4.45)  val(topk) 1.7625 (ppl 5.83)  L_I 0.0404  best 1.4676@3400 (1/20)
[train] step  3500  loss 1.4941  L_I 0.0402  phase 2  lr 9.12e-05  grad 0.75  tok/s 102,607
[train] step  3550  loss 1.4643  L_I 0.0414  phase 2  lr 8.75e-05  grad 0.81  tok/s 110,194
[eval]  step  3600  train 1.4983 (ppl 4.47)  val 1.5089 (ppl 4.52)  val(topk) 1.7884 (ppl 5.98)  L_I 0.0406  best 1.4676@3400 (2/20)
[train] step  3600  loss 1.5539  L_I 0.0390  phase 2  lr 8.39e-05  grad 0.73  tok/s 102,914
[train] step  3650  loss 1.4676  L_I 0.0408  phase 2  lr 8.03e-05  grad 0.72  tok/s 110,759
[eval]  step  3700  train 1.4705 (ppl 4.35)  val 1.5097 (ppl 4.53)  val(topk) 1.7933 (ppl 6.01)  L_I 0.0395  best 1.4676@3400 (3/20)
[train] step  3700  loss 1.4845  L_I 0.0404  phase 2  lr 7.69e-05  grad 0.76  tok/s 102,548
[train] step  3750  loss 1.5187  L_I 0.0395  phase 2  lr 7.36e-05  grad 0.69  tok/s 110,497
[eval]  step  3800  train 1.4928 (ppl 4.45)  val 1.4847 (ppl 4.41)  val(topk) 1.7852 (ppl 5.96)  L_I 0.0393  best 1.4676@3400 (4/20)
[train] step  3800  loss 1.4675  L_I 0.0399  phase 2  lr 7.03e-05  grad 0.72  tok/s 102,646
[train] step  3850  loss 1.5312  L_I 0.0385  phase 2  lr 6.72e-05  grad 0.71  tok/s 110,021
[eval]  step  3900  train 1.4584 (ppl 4.30)  val 1.4580 (ppl 4.30)  val(topk) 1.7599 (ppl 5.81)  L_I 0.0406  best 1.4580@3900 (0/20)
[train] step  3900  loss 1.4664  L_I 0.0392  phase 2  lr 6.42e-05  grad 0.75  tok/s 101,513
[train] step  3950  loss 1.4334  L_I 0.0376  phase 2  lr 6.13e-05  grad 0.66  tok/s 110,442
[eval]  step  4000  train 1.5014 (ppl 4.49)  val 1.4963 (ppl 4.47)  val(topk) 1.8099 (ppl 6.11)  L_I 0.0375  best 1.4580@3900 (1/20)
[train] step  4000  loss 1.4295  L_I 0.0387  phase 2  lr 5.85e-05  grad 0.71  tok/s 102,334
[train] step  4050  loss 1.4807  L_I 0.0377  phase 2  lr 5.58e-05  grad 0.68  tok/s 110,290
[eval]  step  4100  train 1.4479 (ppl 4.25)  val 1.4799 (ppl 4.39)  val(topk) 1.7899 (ppl 5.99)  L_I 0.0377  best 1.4580@3900 (2/20)
[train] step  4100  loss 1.5376  L_I 0.0372  phase 2  lr 5.32e-05  grad 0.81  tok/s 102,104
[train] step  4150  loss 1.4528  L_I 0.0384  phase 2  lr 5.08e-05  grad 0.71  tok/s 109,750
[eval]  step  4200  train 1.4982 (ppl 4.47)  val 1.5087 (ppl 4.52)  val(topk) 1.8138 (ppl 6.13)  L_I 0.0378  best 1.4580@3900 (3/20)
[train] step  4200  loss 1.4545  L_I 0.0385  phase 2  lr 4.85e-05  grad 0.74  tok/s 102,659
[train] step  4250  loss 1.4353  L_I 0.0395  phase 2  lr 4.63e-05  grad 0.74  tok/s 110,576
[eval]  step  4300  train 1.4323 (ppl 4.19)  val 1.5360 (ppl 4.65)  val(topk) 1.8529 (ppl 6.38)  L_I 0.0373  best 1.4580@3900 (4/20)
[train] step  4300  loss 1.5103  L_I 0.0379  phase 2  lr 4.42e-05  grad 0.73  tok/s 102,914
[train] step  4350  loss 1.4601  L_I 0.0391  phase 2  lr 4.23e-05  grad 0.73  tok/s 110,757
[eval]  step  4400  train 1.3999 (ppl 4.05)  val 1.5198 (ppl 4.57)  val(topk) 1.8349 (ppl 6.26)  L_I 0.0370  best 1.4580@3900 (5/20)
[train] step  4400  loss 1.4727  L_I 0.0388  phase 2  lr 4.05e-05  grad 0.70  tok/s 102,709
[train] step  4450  loss 1.4694  L_I 0.0365  phase 2  lr 3.88e-05  grad 0.71  tok/s 110,918
[eval]  step  4500  train 1.4785 (ppl 4.39)  val 1.4613 (ppl 4.31)  val(topk) 1.7921 (ppl 6.00)  L_I 0.0380  best 1.4580@3900 (6/20)
[train] step  4500  loss 1.4663  L_I 0.0364  phase 2  lr 3.73e-05  grad 0.73  tok/s 102,670
[train] step  4550  loss 1.4558  L_I 0.0374  phase 2  lr 3.59e-05  grad 0.65  tok/s 110,530
[eval]  step  4600  train 1.4494 (ppl 4.26)  val 1.4933 (ppl 4.45)  val(topk) 1.8278 (ppl 6.22)  L_I 0.0367  best 1.4580@3900 (7/20)
[train] step  4600  loss 1.3487  L_I 0.0390  phase 2  lr 3.47e-05  grad 0.65  tok/s 102,695
[train] step  4650  loss 1.4253  L_I 0.0376  phase 2  lr 3.36e-05  grad 0.73  tok/s 109,764
[eval]  step  4700  train 1.4219 (ppl 4.15)  val 1.4526 (ppl 4.27)  val(topk) 1.7856 (ppl 5.96)  L_I 0.0371  best 1.4526@4700 (0/20)
[train] step  4700  loss 1.4388  L_I 0.0382  phase 2  lr 3.26e-05  grad 0.72  tok/s 102,643
[train] step  4750  loss 1.5208  L_I 0.0367  phase 2  lr 3.18e-05  grad 0.71  tok/s 110,037
[eval]  step  4800  train 1.4410 (ppl 4.23)  val 1.4587 (ppl 4.30)  val(topk) 1.8043 (ppl 6.08)  L_I 0.0372  best 1.4526@4700 (1/20)
[train] step  4800  loss 1.4697  L_I 0.0365  phase 2  lr 3.12e-05  grad 0.68  tok/s 102,275
[train] step  4850  loss 1.4107  L_I 0.0371  phase 2  lr 3.07e-05  grad 0.71  tok/s 110,080
[eval]  step  4900  train 1.4628 (ppl 4.32)  val 1.4984 (ppl 4.47)  val(topk) 1.8340 (ppl 6.26)  L_I 0.0368  best 1.4526@4700 (2/20)
[train] step  4900  loss 1.4200  L_I 0.0380  phase 2  lr 3.03e-05  grad 0.72  tok/s 102,523
[train] step  4950  loss 1.4407  L_I 0.0381  phase 2  lr 3.01e-05  grad 0.68  tok/s 110,391
[eval]  step  5000  train 1.4085 (ppl 4.09)  val 1.4440 (ppl 4.24)  val(topk) 1.7942 (ppl 6.01)  L_I 0.0372  best 1.4440@5000 (0/20)
[done] saved /home/ubuntu/mini-deepseek-v4/runs/stage-e-v3-csa-4k/final.pt  total 6055.5s  best_val=1.4440@step5000  (hit max_iters cap)
[final] reloaded best.pt from step 5000
[final] val: loss 1.4613  bpc 2.1082  ppl 4.31  (n_pos 4,992,240, windows 1220)  ||  topk: loss 1.8069  bpc 2.6067  ppl 6.09
[final] test: loss 1.4193  bpc 2.0476  ppl 4.13  (n_pos 4,992,240, windows 1220)  ||  topk: loss 1.7647  bpc 2.5460  ppl 5.84
=== 11:17:13 finished stage-e-v3-csa-4k ===
=== 11:17:13 launching stage-e-v3-vanilla-8k ===
[setup] device=cuda
[data]  enwiki8  vocab=205, train=90,000,000 tokens, val=5,000,000, test=5,000,000
[model] vanilla, params=13,846,272 (excl emb=10,621,824)
[run]   logging to /home/ubuntu/mini-deepseek-v4/runs/stage-e-v3-vanilla-8k
[opt]   amp=bf16, grad_accum_steps=32, effective_batch=32
[eval]  step     0  train 5.4999 (ppl 244.67)  val 5.5105 (ppl 247.26)  best 5.5105@0 (0/20)
[train] step    50  loss 3.3202  lr 1.22e-04  grad 1.28  tok/s 273,965
[eval]  step   100  train 2.7742 (ppl 16.03)  val 2.7504 (ppl 15.65)  best 2.7504@100 (0/20)
[train] step   100  loss 2.7730  lr 2.42e-04  grad 0.55  tok/s 281,533
[train] step   150  loss 2.6989  lr 3.00e-04  grad 0.59  tok/s 284,325
[eval]  step   200  train 2.6173 (ppl 13.70)  val 2.5916 (ppl 13.35)  best 2.5916@200 (0/20)
[train] step   200  loss 2.6113  lr 2.99e-04  grad 0.39  tok/s 281,248
[train] step   250  loss 2.5746  lr 2.98e-04  grad 0.32  tok/s 284,468
[eval]  step   300  train 2.5250 (ppl 12.49)  val 2.5194 (ppl 12.42)  best 2.5194@300 (0/20)
[train] step   300  loss 2.5745  lr 2.96e-04  grad 0.45  tok/s 281,465
[train] step   350  loss 2.4969  lr 2.94e-04  grad 0.79  tok/s 284,826
[eval]  step   400  train 2.4429 (ppl 11.51)  val 2.4748 (ppl 11.88)  best 2.4748@400 (0/20)
[train] step   400  loss 2.4388  lr 2.91e-04  grad 1.04  tok/s 281,168
[train] step   450  loss 2.4085  lr 2.88e-04  grad 0.83  tok/s 285,288
[eval]  step   500  train 2.3518 (ppl 10.50)  val 2.3385 (ppl 10.37)  best 2.3385@500 (0/20)
[train] step   500  loss 2.3878  lr 2.84e-04  grad 1.30  tok/s 280,736
[train] step   550  loss 2.2792  lr 2.79e-04  grad 0.99  tok/s 284,417
[eval]  step   600  train 2.2603 (ppl 9.59)  val 2.2264 (ppl 9.27)  best 2.2264@600 (0/20)
[train] step   600  loss 2.2499  lr 2.74e-04  grad 1.38  tok/s 281,766
[train] step   650  loss 2.1796  lr 2.69e-04  grad 1.73  tok/s 284,543
[eval]  step   700  train 2.1384 (ppl 8.49)  val 2.1453 (ppl 8.54)  best 2.1453@700 (0/20)
[train] step   700  loss 2.1113  lr 2.63e-04  grad 2.64  tok/s 281,040
[train] step   750  loss 2.0548  lr 2.56e-04  grad 1.83  tok/s 284,593
[eval]  step   800  train 1.9976 (ppl 7.37)  val 1.9745 (ppl 7.20)  best 1.9745@800 (0/20)
[train] step   800  loss 1.9519  lr 2.50e-04  grad 2.04  tok/s 282,371
[train] step   850  loss 1.9413  lr 2.43e-04  grad 2.98  tok/s 284,207
[eval]  step   900  train 1.8191 (ppl 6.17)  val 1.8665 (ppl 6.47)  best 1.8665@900 (0/20)
[train] step   900  loss 1.8386  lr 2.35e-04  grad 2.08  tok/s 281,683
[train] step   950  loss 1.7771  lr 2.27e-04  grad 2.18  tok/s 285,597
[eval]  step  1000  train 1.7341 (ppl 5.66)  val 1.7002 (ppl 5.48)  best 1.7002@1000 (0/20)
[train] step  1000  loss 1.6852  lr 2.19e-04  grad 2.76  tok/s 281,775
[train] step  1050  loss 1.6047  lr 2.11e-04  grad 3.14  tok/s 284,043
[eval]  step  1100  train 1.5878 (ppl 4.89)  val 1.5982 (ppl 4.94)  best 1.5982@1100 (0/20)
[train] step  1100  loss 1.5695  lr 2.02e-04  grad 2.91  tok/s 280,790
[train] step  1150  loss 1.5155  lr 1.94e-04  grad 2.49  tok/s 284,181
[eval]  step  1200  train 1.4470 (ppl 4.25)  val 1.4143 (ppl 4.11)  best 1.4143@1200 (0/20)
[train] step  1200  loss 1.4633  lr 1.85e-04  grad 2.17  tok/s 281,260
[train] step  1250  loss 1.3945  lr 1.76e-04  grad 2.08  tok/s 284,918
[eval]  step  1300  train 1.3339 (ppl 3.80)  val 1.3374 (ppl 3.81)  best 1.3374@1300 (0/20)
[train] step  1300  loss 1.2985  lr 1.67e-04  grad 1.94  tok/s 281,581
[train] step  1350  loss 1.2954  lr 1.58e-04  grad 1.58  tok/s 284,342
[eval]  step  1400  train 1.2889 (ppl 3.63)  val 1.2895 (ppl 3.63)  best 1.2895@1400 (0/20)
[train] step  1400  loss 1.3231  lr 1.49e-04  grad 2.21  tok/s 280,499
[train] step  1450  loss 1.2764  lr 1.41e-04  grad 2.20  tok/s 284,161
[eval]  step  1500  train 1.2421 (ppl 3.46)  val 1.3131 (ppl 3.72)  best 1.2895@1400 (1/20)
[train] step  1500  loss 1.2169  lr 1.32e-04  grad 1.74  tok/s 281,650
[train] step  1550  loss 1.2523  lr 1.23e-04  grad 1.68  tok/s 284,645
[eval]  step  1600  train 1.2097 (ppl 3.35)  val 1.2146 (ppl 3.37)  best 1.2146@1600 (0/20)
[train] step  1600  loss 1.2566  lr 1.15e-04  grad 1.92  tok/s 282,075
[train] step  1650  loss 1.2182  lr 1.07e-04  grad 1.83  tok/s 284,924
[eval]  step  1700  train 1.1997 (ppl 3.32)  val 1.2051 (ppl 3.34)  best 1.2051@1700 (0/20)
[train] step  1700  loss 1.1660  lr 9.88e-05  grad 1.41  tok/s 281,395
[train] step  1750  loss 1.1583  lr 9.12e-05  grad 1.54  tok/s 284,848
[eval]  step  1800  train 1.1882 (ppl 3.28)  val 1.1633 (ppl 3.20)  best 1.1633@1800 (0/20)
[train] step  1800  loss 1.1935  lr 8.39e-05  grad 1.47  tok/s 282,194
[train] step  1850  loss 1.1808  lr 7.69e-05  grad 1.43  tok/s 284,853
[eval]  step  1900  train 1.1798 (ppl 3.25)  val 1.1897 (ppl 3.29)  best 1.1633@1800 (1/20)
[train] step  1900  loss 1.1652  lr 7.03e-05  grad 1.75  tok/s 283,260
[train] step  1950  loss 1.1773  lr 6.42e-05  grad 1.39  tok/s 286,100
[eval]  step  2000  train 1.1577 (ppl 3.18)  val 1.2006 (ppl 3.32)  best 1.1633@1800 (2/20)
[train] step  2000  loss 1.1587  lr 5.85e-05  grad 1.10  tok/s 281,970
[train] step  2050  loss 1.1708  lr 5.32e-05  grad 1.32  tok/s 284,634
[eval]  step  2100  train 1.1192 (ppl 3.06)  val 1.1708 (ppl 3.22)  best 1.1633@1800 (3/20)
[train] step  2100  loss 1.1653  lr 4.85e-05  grad 1.44  tok/s 281,782
[train] step  2150  loss 1.1551  lr 4.42e-05  grad 1.26  tok/s 284,692
[eval]  step  2200  train 1.1778 (ppl 3.25)  val 1.1961 (ppl 3.31)  best 1.1633@1800 (4/20)
[train] step  2200  loss 1.1241  lr 4.05e-05  grad 1.26  tok/s 282,131
[train] step  2250  loss 1.1294  lr 3.73e-05  grad 1.26  tok/s 284,629
[eval]  step  2300  train 1.1222 (ppl 3.07)  val 1.1749 (ppl 3.24)  best 1.1633@1800 (5/20)
[train] step  2300  loss 1.0873  lr 3.47e-05  grad 1.16  tok/s 282,163
[train] step  2350  loss 1.0981  lr 3.26e-05  grad 1.14  tok/s 286,533
[eval]  step  2400  train 1.1467 (ppl 3.15)  val 1.1737 (ppl 3.23)  best 1.1633@1800 (6/20)
[train] step  2400  loss 1.1337  lr 3.12e-05  grad 1.20  tok/s 282,177
[train] step  2450  loss 1.1028  lr 3.03e-05  grad 1.40  tok/s 283,695
[eval]  step  2500  train 1.1349 (ppl 3.11)  val 1.0790 (ppl 2.94)  best 1.0790@2500 (0/20)
[done] saved /home/ubuntu/mini-deepseek-v4/runs/stage-e-v3-vanilla-8k/final.pt  total 2315.5s  best_val=1.0790@step2500  (hit max_iters cap)
[final] reloaded best.pt from step 2500
[final] val: loss 1.1494  bpc 1.6583  ppl 3.16  (n_pos 4,997,120, windows 610)
[final] test: loss 1.1263  bpc 1.6249  ppl 3.08  (n_pos 4,997,120, windows 610)
=== 11:55:59 finished stage-e-v3-vanilla-8k ===
=== 11:55:59 launching stage-e-v3-csa-8k ===
[setup] device=cuda
[data]  enwiki8  vocab=205, train=90,000,000 tokens, val=5,000,000, test=5,000,000
[model] csa, params=13,084,416 (excl emb=9,859,968)
[run]   logging to /home/ubuntu/mini-deepseek-v4/runs/stage-e-v3-csa-8k
[opt]   amp=bf16, grad_accum_steps=32, effective_batch=32
[eval]  step     0  train 5.3513 (ppl 210.87)  val 5.3422 (ppl 208.98)  val(topk) 5.3449 (ppl 209.54)  L_I 0.0331  best 5.3422@0 (0/20)
[train] step    50  loss 5.3518  L_I 0.0251  phase 1  lr 1.22e-04  grad 0.02  tok/s 148,915
[eval]  step   100  train 5.3410 (ppl 208.71)  val 5.3456 (ppl 209.69)  val(topk) 5.3461 (ppl 209.79)  L_I 0.0191  best 5.3422@0 (1/20)
[train] step   100  loss 5.3383  L_I 0.0185  phase 1  lr 2.42e-04  grad 0.02  tok/s 152,967
[train] step   150  loss 3.2094  L_I 0.0475  phase 2  lr 3.00e-04  grad 0.74  tok/s 117,606
[eval]  step   200  train 2.7464 (ppl 15.59)  val 2.7844 (ppl 16.19)  val(topk) 2.7938 (ppl 16.34)  L_I 0.0645  best 2.7844@200 (0/20)
[train] step   200  loss 2.7979  L_I 0.0681  phase 2  lr 2.99e-04  grad 0.43  tok/s 87,288
[train] step   250  loss 2.6369  L_I 0.0649  phase 2  lr 2.98e-04  grad 0.42  tok/s 92,167
[eval]  step   300  train 2.5549 (ppl 12.87)  val 2.5883 (ppl 13.31)  val(topk) 2.5989 (ppl 13.45)  L_I 0.0658  best 2.5883@300 (0/20)
[train] step   300  loss 2.5537  L_I 0.0678  phase 2  lr 2.96e-04  grad 0.44  tok/s 87,338
[train] step   350  loss 2.5393  L_I 0.0680  phase 2  lr 2.94e-04  grad 0.63  tok/s 92,186
[eval]  step   400  train 2.5201 (ppl 12.43)  val 2.4836 (ppl 11.98)  val(topk) 2.4928 (ppl 12.09)  L_I 0.0557  best 2.4836@400 (0/20)
[train] step   400  loss 2.4961  L_I 0.0563  phase 2  lr 2.91e-04  grad 0.46  tok/s 87,350
[train] step   450  loss 2.4924  L_I 0.0593  phase 2  lr 2.88e-04  grad 0.54  tok/s 92,203
[eval]  step   500  train 2.4302 (ppl 11.36)  val 2.4764 (ppl 11.90)  val(topk) 2.4849 (ppl 12.00)  L_I 0.0545  best 2.4764@500 (0/20)
[train] step   500  loss 2.4754  L_I 0.0549  phase 2  lr 2.84e-04  grad 0.61  tok/s 87,296
[train] step   550  loss 2.4357  L_I 0.0495  phase 2  lr 2.79e-04  grad 0.62  tok/s 92,139
[eval]  step   600  train 2.4005 (ppl 11.03)  val 2.4435 (ppl 11.51)  val(topk) 2.4539 (ppl 11.63)  L_I 0.0478  best 2.4435@600 (0/20)
[train] step   600  loss 2.4291  L_I 0.0463  phase 2  lr 2.74e-04  grad 0.66  tok/s 87,276
[train] step   650  loss 2.3988  L_I 0.0449  phase 2  lr 2.69e-04  grad 0.64  tok/s 92,099
[eval]  step   700  train 2.3843 (ppl 10.85)  val 2.3614 (ppl 10.61)  val(topk) 2.3773 (ppl 10.78)  L_I 0.0492  best 2.3614@700 (0/20)
[train] step   700  loss 2.3992  L_I 0.0444  phase 2  lr 2.63e-04  grad 0.64  tok/s 87,303
[train] step   750  loss 2.3527  L_I 0.0456  phase 2  lr 2.56e-04  grad 0.61  tok/s 92,279
[eval]  step   800  train 2.3145 (ppl 10.12)  val 2.3751 (ppl 10.75)  val(topk) 2.3918 (ppl 10.93)  L_I 0.0446  best 2.3614@700 (1/20)
[train] step   800  loss 2.3569  L_I 0.0427  phase 2  lr 2.50e-04  grad 0.52  tok/s 87,508
[train] step   850  loss 2.3283  L_I 0.0459  phase 2  lr 2.43e-04  grad 0.59  tok/s 92,268
[eval]  step   900  train 2.2959 (ppl 9.93)  val 2.3323 (ppl 10.30)  val(topk) 2.3473 (ppl 10.46)  L_I 0.0462  best 2.3323@900 (0/20)
[train] step   900  loss 2.3303  L_I 0.0492  phase 2  lr 2.35e-04  grad 0.64  tok/s 87,423
[train] step   950  loss 2.2595  L_I 0.0462  phase 2  lr 2.27e-04  grad 0.58  tok/s 92,296
[eval]  step  1000  train 2.3066 (ppl 10.04)  val 2.3132 (ppl 10.11)  val(topk) 2.3414 (ppl 10.40)  L_I 0.0400  best 2.3132@1000 (0/20)
[train] step  1000  loss 2.1888  L_I 0.0445  phase 2  lr 2.19e-04  grad 0.87  tok/s 87,379
[train] step  1050  loss 2.2174  L_I 0.0434  phase 2  lr 2.11e-04  grad 0.73  tok/s 92,162
[eval]  step  1100  train 2.2733 (ppl 9.71)  val 2.2247 (ppl 9.25)  val(topk) 2.2555 (ppl 9.54)  L_I 0.0389  best 2.2247@1100 (0/20)
[train] step  1100  loss 2.2095  L_I 0.0383  phase 2  lr 2.02e-04  grad 1.27  tok/s 87,350
[train] step  1150  loss 2.2170  L_I 0.0386  phase 2  lr 1.94e-04  grad 1.65  tok/s 92,236
[eval]  step  1200  train 2.1627 (ppl 8.69)  val 2.1585 (ppl 8.66)  val(topk) 2.2120 (ppl 9.13)  L_I 0.0397  best 2.1585@1200 (0/20)
[train] step  1200  loss 2.1395  L_I 0.0392  phase 2  lr 1.85e-04  grad 0.95  tok/s 87,474
[train] step  1250  loss 2.1551  L_I 0.0364  phase 2  lr 1.76e-04  grad 1.10  tok/s 92,219
[eval]  step  1300  train 2.1552 (ppl 8.63)  val 2.1370 (ppl 8.47)  val(topk) 2.2031 (ppl 9.05)  L_I 0.0350  best 2.1370@1300 (0/20)
[train] step  1300  loss 2.1450  L_I 0.0338  phase 2  lr 1.67e-04  grad 1.51  tok/s 87,338
[train] step  1350  loss 2.0919  L_I 0.0335  phase 2  lr 1.58e-04  grad 1.57  tok/s 92,180
[eval]  step  1400  train 2.1080 (ppl 8.23)  val 2.1287 (ppl 8.40)  val(topk) 2.1948 (ppl 8.98)  L_I 0.0322  best 2.1287@1400 (0/20)
[train] step  1400  loss 2.0789  L_I 0.0338  phase 2  lr 1.49e-04  grad 1.23  tok/s 87,351
[train] step  1450  loss 2.1259  L_I 0.0313  phase 2  lr 1.41e-04  grad 1.36  tok/s 92,200
[eval]  step  1500  train 2.1057 (ppl 8.21)  val 2.0247 (ppl 7.57)  val(topk) 2.1128 (ppl 8.27)  L_I 0.0327  best 2.0247@1500 (0/20)
[train] step  1500  loss 2.0589  L_I 0.0323  phase 2  lr 1.32e-04  grad 1.22  tok/s 87,330
[train] step  1550  loss 2.0391  L_I 0.0320  phase 2  lr 1.23e-04  grad 1.80  tok/s 92,393
[eval]  step  1600  train 2.0574 (ppl 7.83)  val 2.0633 (ppl 7.87)  val(topk) 2.1474 (ppl 8.56)  L_I 0.0311  best 2.0247@1500 (1/20)
[train] step  1600  loss 2.0441  L_I 0.0313  phase 2  lr 1.15e-04  grad 1.45  tok/s 87,586
[train] step  1650  loss 2.0283  L_I 0.0310  phase 2  lr 1.07e-04  grad 1.97  tok/s 92,364
[eval]  step  1700  train 2.0220 (ppl 7.55)  val 2.0534 (ppl 7.79)  val(topk) 2.1636 (ppl 8.70)  L_I 0.0310  best 2.0247@1500 (2/20)
[train] step  1700  loss 2.0099  L_I 0.0306  phase 2  lr 9.88e-05  grad 2.13  tok/s 87,574
[train] step  1750  loss 1.9975  L_I 0.0291  phase 2  lr 9.12e-05  grad 2.36  tok/s 92,320
[eval]  step  1800  train 1.9969 (ppl 7.37)  val 1.9939 (ppl 7.34)  val(topk) 2.1168 (ppl 8.30)  L_I 0.0287  best 1.9939@1800 (0/20)
[train] step  1800  loss 1.9741  L_I 0.0290  phase 2  lr 8.39e-05  grad 1.94  tok/s 87,464
[train] step  1850  loss 1.9822  L_I 0.0287  phase 2  lr 7.69e-05  grad 1.64  tok/s 92,310
[eval]  step  1900  train 1.9947 (ppl 7.35)  val 1.9462 (ppl 7.00)  val(topk) 2.0903 (ppl 8.09)  L_I 0.0294  best 1.9462@1900 (0/20)
[train] step  1900  loss 1.9144  L_I 0.0305  phase 2  lr 7.03e-05  grad 1.68  tok/s 87,453
[train] step  1950  loss 1.9752  L_I 0.0287  phase 2  lr 6.42e-05  grad 1.88  tok/s 92,257
[eval]  step  2000  train 1.9502 (ppl 7.03)  val 1.9803 (ppl 7.25)  val(topk) 2.1177 (ppl 8.31)  L_I 0.0284  best 1.9462@1900 (1/20)
[train] step  2000  loss 1.9778  L_I 0.0282  phase 2  lr 5.85e-05  grad 1.51  tok/s 87,501
[train] step  2050  loss 1.9431  L_I 0.0295  phase 2  lr 5.32e-05  grad 1.58  tok/s 92,323
[eval]  step  2100  train 1.9193 (ppl 6.82)  val 1.9544 (ppl 7.06)  val(topk) 2.1025 (ppl 8.19)  L_I 0.0288  best 1.9462@1900 (2/20)
[train] step  2100  loss 1.9180  L_I 0.0284  phase 2  lr 4.85e-05  grad 1.73  tok/s 87,548
[train] step  2150  loss 1.9408  L_I 0.0285  phase 2  lr 4.42e-05  grad 1.71  tok/s 92,318
[eval]  step  2200  train 1.9048 (ppl 6.72)  val 1.9066 (ppl 6.73)  val(topk) 2.0859 (ppl 8.05)  L_I 0.0284  best 1.9066@2200 (0/20)
[train] step  2200  loss 1.8647  L_I 0.0296  phase 2  lr 4.05e-05  grad 1.66  tok/s 87,473
[train] step  2250  loss 1.8909  L_I 0.0282  phase 2  lr 3.73e-05  grad 1.64  tok/s 92,283
[eval]  step  2300  train 1.9254 (ppl 6.86)  val 1.9196 (ppl 6.82)  val(topk) 2.0911 (ppl 8.09)  L_I 0.0275  best 1.9066@2200 (1/20)
[train] step  2300  loss 1.9189  L_I 0.0270  phase 2  lr 3.47e-05  grad 1.35  tok/s 86,565
[train] step  2350  loss 1.8803  L_I 0.0283  phase 2  lr 3.26e-05  grad 1.59  tok/s 92,259
[eval]  step  2400  train 1.8983 (ppl 6.67)  val 1.9494 (ppl 7.02)  val(topk) 2.1275 (ppl 8.39)  L_I 0.0269  best 1.9066@2200 (2/20)
[train] step  2400  loss 1.8754  L_I 0.0282  phase 2  lr 3.12e-05  grad 1.57  tok/s 87,430
[train] step  2450  loss 1.8886  L_I 0.0290  phase 2  lr 3.03e-05  grad 1.67  tok/s 92,226
[eval]  step  2500  train 1.8793 (ppl 6.55)  val 1.8908 (ppl 6.62)  val(topk) 2.0696 (ppl 7.92)  L_I 0.0281  best 1.8908@2500 (0/20)
[done] saved /home/ubuntu/mini-deepseek-v4/runs/stage-e-v3-csa-8k/final.pt  total 7150.7s  best_val=1.8908@step2500  (hit max_iters cap)
[final] reloaded best.pt from step 2500
[final] val: loss 1.8950  bpc 2.7340  ppl 6.65  (n_pos 4,994,680, windows 610)  ||  topk: loss 2.0791  bpc 2.9995  ppl 8.00
[final] test: loss 1.8652  bpc 2.6910  ppl 6.46  (n_pos 4,994,680, windows 610)  ||  topk: loss 2.0532  bpc 2.9622  ppl 7.79
=== 13:56:48 finished stage-e-v3-csa-8k ===
=== 13:56:48 Stage E v3 phase-1 sweep complete ===
